month,de_toll_mileage_level,de_toll_mileage_momentum,de_toll_mileage_z,de_port_calls_level,de_port_calls_momentum,de_port_calls_z,ea_port_calls_level,ea_port_calls_momentum,ea_port_calls_z,world_port_calls_level,world_port_calls_momentum,world_port_calls_z,dry_bulk_freight_level,dry_bulk_freight_momentum,dry_bulk_freight_z,world_dry_bulk_calls_level,world_dry_bulk_calls_momentum,world_dry_bulk_calls_z
2008-01,86.5258,,,,,,,,,,,,,,,,,
2008-02,87.1414,,,,,,,,,,,,,,,,,
2008-03,87.2323,,,,,,,,,,,,,,,,,
2008-04,83.6633,,,,,,,,,,,,,,,,,
2008-05,84.4581,,,,,,,,,,,,,,,,,
2008-06,82.8933,-14.3151,,,,,,,,,,,,,,,,
2008-07,82.4903,-12.1115,,,,,,,,,,,,,,,,
2008-08,82.329,-11.4426,,,,,,,,,,,,,,,,
2008-09,82.83,-5.2559,,,,,,,,,,,,,,,,
2008-10,81.029,-5.7225,,,,,,,,,,,,,,,,
2008-11,79.0767,-7.4935,,,,,,,,,,,,,,,,
2008-12,75.729,-17.7602,,,,,,,,,,,,,,,,
2009-01,73.8645,-25.5662,,,,,,,,,,,,,,,,
2009-02,73.625,-28.722,,,,,,,,,,,,,,,,
2009-03,71.3387,-25.872,,,,,,,,,,,,,,,,
2009-04,72.8333,-17.7057,,,,,,,,,,,,,,,,
2009-05,71.7226,-12.4923,,,,,,,,,,,,,,,,
2009-06,73.1,-2.1257,,,,,,,,,,,,,,,,
2009-07,72.6032,-0.6801,,,,,,,,,,,,,,,,
2009-08,73.8935,7.0376,,,,,,,,,,,,,,,,
2009-09,73.6333,4.6251,,,,,,,,,,,,,,,,
2009-10,73.6968,7.1721,,,,,,,,,,,,,,,,
2009-11,73.4433,2.1606,,,,,,,,,,,,,,,,
2009-12,77.1258,7.7297,,,,,,,,,,,,,,,,
2010-01,74.0484,6.2792,,,,,,,,,,,,,,,,
2010-02,74.8571,9.8721,,,,,,,,,,,,,,,,
2010-03,76.3452,1.768,,,,,,,,,,,,,,,,
2010-04,77.5,7.475,,,,,,,,,,,,,,,,
2010-05,78.4742,11.6007,1.3629,,,,,,,,,,,,,,,
2010-06,77.3167,15.0605,1.5299,,,,,,,,,,,,,,,
2010-07,77.9355,9.0808,1.0143,,,,,,,,,,,,,,,
2010-08,78.2871,2.117,0.4534,,,,,,,,,,,,,,,
2010-09,77.83,1.3125,0.381,,,,,,,,,,,,,,,
2010-10,78.8355,2.1152,0.4375,,,,,,,,,,,,,,,
2010-11,78.5633,2.9254,0.4942,,,,,,,,,,,,,,,
2010-12,81.9226,9.3131,0.9965,,,,,,,,,,,,,,,
2011-01,81.8774,13.2262,1.269,,,,,,,,,,,,,,,
2011-02,81.425,18.1128,1.5817,,,,,,,,,,,,,,,
2011-03,79.6968,6.2902,0.6138,,,,,,,,,,,,,,,
2011-04,81.16,-0.1345,0.0885,,,,,,,,,,,,,,,
2011-05,79.3032,-8.0093,-0.5532,,,,,,,,,,,,,,,
2011-06,81.3267,-1.9758,-0.0481,,,,,,,,,,,,,,,
2011-07,80.6968,-1.5676,-0.0133,,,,,,,,,,,,,,,
2011-08,80.4032,3.829,0.4438,,,,,,,,,,,,,,,
2011-09,80.2933,-0.6544,0.0535,,,,,,,,,,,,,,,
2011-10,81.1742,0.9049,0.1884,,,,,,,,,,,,,,,
2011-11,80.81,-0.2459,0.0849,,,,,,,,,,,,,,,
2011-12,83.1226,6.2968,0.6637,,,,,,,,,,,,,,,
2012-01,82.6065,7.9467,0.7983,,,,,,,,,,,,,,,
2012-02,78.5862,3.4069,0.3796,,,,,,,,,,,,,,,
2012-03,80.4097,-5.5976,-0.4437,,,,,,,,,,,,,,,
2012-04,80.42,-11.0657,-0.9327,,,,,,,,,,,,,,,
2012-05,80.4677,-4.8501,-0.3504,,,,,,,,,,,,,,,
2012-06,79.74,-1.6038,-0.0451,,,,,,,,,,,,,,,
2012-07,79.9,1.1609,0.215,,,,,,,,,,,,,,,
2012-08,80.1581,-2.4624,-0.1309,,,,,,,,,,,,,,,
2012-09,80.1467,-0.7013,0.0392,,,,,,,,,,,,,,,
2012-10,79.2903,-0.8514,0.0243,,,,,,,,,,,,,,,
2012-11,79.7,-1.0982,-0.0001,,,,,,,,,,,,,,,
2012-12,77.4774,-6.0793,-0.4909,,,,,,,,,,,,,,,
2013-01,79.4323,-4.8917,-0.3679,,,,,,,,,,,,,,,
2013-02,79.3929,-4.6575,-0.3409,,,,,,,,,,,,,,,
2013-03,79.6774,3.4867,0.4843,,,,,,,,,,,,,,,
2013-04,79.33,3.0616,0.4362,,,,,,,,,,,,,,,
2013-05,81.0194,6.4548,0.7765,,,,,,,,,,,,,,,
2013-06,79.8633,2.8991,0.3838,,,,,,,,,,,,,,,
2013-07,81.1839,6.2948,0.7149,,,,,,,,,,,,,,,
2013-08,81.4484,4.1781,0.4671,,,,,,,,,,,,,,,
2013-09,81.5633,6.7991,0.7252,,,,,,,,,,,,,,,
2013-10,81.471,4.0527,0.4146,,,,,,,,,,,,,,,
2013-11,81.5267,3.4506,0.3321,,,,,,,,,,,,,,,
2013-12,79.9129,-2.0884,-0.3028,,,,,,,,,,,,,,,
2014-01,81.4968,-2.5061,-0.4239,,,,,,,,,,,,,,,
2014-02,83.2571,0.1732,-0.1804,,,,,,,,,,,,,,,
2014-03,82.5645,7.4584,0.8408,,,,,,,,,,,,,,,
2014-04,83.58,11.0778,1.4267,,,,,,,,,,,,,,,
2014-05,81.6806,5.2643,0.4302,,,,,,,,,,,,,,,
2014-06,84.2067,3.521,0.1066,,,,,,,,,,,,,,,
2014-07,83.6516,0.2203,-0.4833,,,,,,,,,,,,,,,
2014-08,82.6871,4.4634,0.2805,,,,,,,,,,,,,,,
2014-09,83.2267,0.1573,-0.4749,,,,,,,,,,,,,,,
2014-10,82.6806,-1.5054,-0.7461,,,,,,,,,,,,,,,
2014-11,83.18,-2.3076,-0.8703,,,,,,,,,,,,,,,
2014-12,82.4097,-2.0596,-0.7987,,,,,,,,,,,,,,,
2015-01,82.9645,-0.0647,-0.4266,,,,,,,,,,,,,,,
2015-02,84.2536,0.8707,-0.2369,,,,,,,,,,,,,,,
2015-03,84.8032,6.1817,0.7072,,,,,,,,,,,,,,,
2015-04,84.4033,8.132,1.0543,,,,,,,,,,,,,,,
2015-05,85.4645,8.3295,1.1151,,,,,,,,,,,,,,,
2015-06,85.1767,4.8854,0.5433,,,,,,,,,,,,,,,
2015-07,86.1968,5.4383,0.6685,,,,,,,,,,,,,,,
2015-08,86.4452,5.0361,0.5796,,,,,,,,,,,,,,,
2015-09,85.87,5.55,0.6627,,,,,,,,,,,,,,,
2015-10,86.8032,3.5991,0.283,,,,,,,,,,,,,,,
2015-11,87.02,2.9403,0.1565,,,,,,,,,,,,,,,
2015-12,88.5613,6.1281,0.7874,,,,,,,,,,,,,,,
2016-01,87.6258,6.4627,0.9054,,,,,,,,,,,,,,,
2016-02,88.3966,7.7481,1.3054,,,,,,,,,,,,,,,
2016-03,89.3129,4.5748,0.62,,,,,,,,,,,,,,,
2016-04,88.2833,4.3011,0.543,,,,,,,,,,,,,,,
2016-05,90.0065,4.6429,0.5945,,,,,,,,,,,,,,,
2016-06,87.7967,1.1373,-0.2203,,,,,,,,,,,,,,,
2016-07,88.6581,0.7062,-0.33,,,,,,,,,,,,,,,
2016-08,89.3806,-2.6156,-1.0646,,,,,,,,,,,,,,,
2016-09,90.0033,2.9724,0.2041,,,,,,,,,,,,,,,
2016-10,90.8065,5.7168,0.813,,,,,,,,,,,,,,,
2016-11,90.5,8.4953,1.3954,,,,,,,,,,,,,,,
2016-12,94.4226,11.9743,2.0908,,,,,,,,,,,,,,,
2017-01,92.5129,11.165,1.8679,,,,,,,,,,,,,,,
2017-02,91.975,11.6857,1.8897,,,,,,,,,,,,,,,
2017-03,92.3387,1.6018,-0.2379,,,,,,,,,,,,,,,
2017-04,93.23,0.1561,-0.633,,,,,,,,,,,,,,,
2017-05,92.5419,-1.1422,-0.9656,,,,,,,,,,,,,,,
2017-06,94.28,4.7425,0.396,,,,,,,,,,,,,,,
2017-07,93.2581,3.7057,0.1404,,,,,,,,,,,,,,,
2017-08,93.8645,4.8194,0.3814,,,,,,,,,,,,,,,
2017-09,94.78,2.6696,-0.151,,,,,,,,,,,,,,,
2017-10,94.9032,5.0452,0.4046,,,,,,,,,,,,,,,
2017-11,96.7067,7.2799,0.9196,,,,,,,,,,,,,,,
2017-12,96.3258,8.8393,1.2864,,,,,,,,,,,,,,,
2018-01,97.0968,9.6128,1.4576,,,,,,,,,,,,,,,
2018-02,95.2607,3.2419,-0.2482,,,,,,,,,,,,,,,
2018-03,95.0387,-0.7474,-1.2983,,,,,,,,,,24.1157,,,,,
2018-04,95.81,-5.428,-2.3928,,,,,,,,,,21.5791,,,,,
2018-05,96.5194,-1.81,-1.4136,,,,,,,,,,21.5516,,,,,
2018-06,96.3567,1.8073,-0.497,,,,,,,,,,21.7198,,,,,
2018-07,95.8065,3.6461,-0.0236,,,,,,,,,,23.3816,,,,,
2018-08,95.9774,1.0796,-0.6558,,,,,,,,,,25.2075,,,,,
2018-09,96.4767,-0.5882,-1.0399,,,,,,,,,,23.2374,,,,,
2018-10,97.7968,2.1909,-0.336,,,,,,,,,,22.115,,,,,
2018-11,98.45,6.5154,0.7298,,,,,,,,,,17.1214,,,,,
2018-12,95.0194,4.2363,0.1383,,,,,,,,,,18.2897,,,,,
2019-01,96.8387,0.0789,-0.9391,77.4194,,,737.6452,,,4672.1613,,,16.1762,,,734.7419,,
2019-02,98.6821,-2.9501,-1.6746,82.5,,,779.9286,,,4684.5,,,11.3822,,,718.3571,,
2019-03,97.7452,2.7749,-0.2108,79.5161,,,783.0,,,4832.9355,,,10.1791,-57.7905,,749.3226,,
2019-04,97.3467,4.8617,0.3574,76.1,,,773.5,,,4851.5,,,10.308,-52.2314,,755.4,,
2019-05,96.1645,0.9896,-0.639,78.9032,,,800.0645,,,4949.6129,,,12.0248,-44.2047,,782.0968,,
2019-06,97.4033,-3.169,-1.6586,78.5333,,,801.3333,,,4958.1333,,,12.4957,-42.4684,,774.4333,,
2019-07,96.4226,-5.053,-2.0508,77.3548,,,807.6129,,,5039.1935,,,16.1912,-30.7524,,766.2581,,
2019-08,95.4839,-2.6466,-1.4024,76.9355,,,776.4516,,,4907.4839,,,18.0155,-28.5309,,749.129,,
2019-09,96.2633,-3.7209,-1.6179,80.0333,,,784.6333,,,5002.7,,,20.3248,-12.5342,,772.0333,,
2019-10,95.4935,-3.7392,-1.594,79.4839,,,792.0645,,,5013.2903,,,20.1012,-9.106,,767.6452,,
2019-11,95.8533,-2.3292,-1.2607,79.7,,,765.0667,,,4977.3667,,,17.1236,0.0127,,775.1,,
2019-12,92.5645,-5.7812,-2.0132,70.5806,,,728.3226,,,4842.7097,,,16.6273,-9.0893,,755.6774,,
2020-01,95.4839,-4.5694,-1.681,73.7419,-4.75,,738.5484,0.1224,,4747.9677,1.6225,,11.959,-26.0707,,736.7419,0.2722,
2020-02,98.1034,-2.0129,-1.0834,71.7931,-12.9781,,741.1379,-4.9736,,4698.2759,0.2941,,8.9686,-21.2053,,710.8276,-1.0482,
2020-03,94.5484,6.0857,0.7314,78.9355,-0.7302,,759.129,-3.0487,,4856.2258,0.4819,,6.6161,-35.0027,,744.0968,-0.6974,
2020-04,83.09,-11.0105,-2.8439,70.6,-7.2273,,714.2,-7.6665,,4683.0,-3.4732,,6.4581,-37.349,,745.8333,-1.2664,
2020-05,88.6935,-24.9576,-4.0,66.5484,-15.6582,,711.5806,-11.0596,,4566.4516,-7.7412,,4.6057,-61.6987,,740.4839,-5.3207,
2020-06,93.3833,-28.272,-4.0,68.3667,-12.9457,,727.9,-9.1639,,4754.3333,-4.1104,,6.487,-48.086,,776.2,0.2281,
2020-07,94.9548,1.8843,0.0782,69.7419,-9.8415,,748.129,-7.3654,,4813.9032,-4.4708,,7.9827,-50.6971,,757.5484,-1.1367,
2020-08,96.5484,30.9166,3.6544,73.2903,-4.7379,,740.4839,-4.6323,,4779.9677,-2.5984,,8.6914,-51.756,,757.7097,1.1454,
2020-09,96.94,40.0117,4.0,75.9333,-5.1229,,752.5,-4.0953,,4853.4,-2.9844,,7.794,-61.6525,,768.0,-0.5224,
2020-10,97.9065,22.4079,2.0316,76.6129,-3.612,,748.7419,-5.4696,,4874.4516,-2.7694,,7.6232,-62.0759,,777.871,1.3321,
2020-11,98.7733,12.8375,1.021,77.9,-2.2585,,749.0667,-2.0913,,4895.6,-1.6428,,6.5225,-61.9093,,771.1667,-0.5075,
2020-12,98.9484,10.3423,0.7565,70.4194,-0.2285,,714.9355,-1.8381,,4739.0968,-2.1396,,7.0832,-57.4001,,758.0,0.3074,
2021-01,98.1161,6.2399,0.3405,70.0645,-4.9869,,715.5806,-3.1098,,4688.5161,-1.2521,,10.1759,-14.9094,,752.6774,2.163,
2021-02,96.8036,0.3387,-0.2465,72.8571,1.4821,,744.6786,0.4777,,4837.3571,2.9603,,12.1216,35.1561,2.8695,759.8929,6.9026,
2021-03,101.4194,0.9653,-0.1767,76.1613,-3.5145,,771.0,1.5638,,5055.2581,4.0985,,17.0435,157.6047,4.0,793.6452,6.6589,
2021-04,102.01,6.0763,0.3398,74.5,5.5241,,773.3,8.275,,5035.8667,7.5351,,19.9567,209.0178,3.5387,807.0667,8.2101,
2021-05,101.4613,15.8688,1.2971,74.1935,11.4881,,768.4194,7.9877,,4958.5484,8.5865,,24.7565,437.5246,4.0,800.3226,8.081,
2021-06,99.96,9.9223,0.6842,76.7667,12.2867,,777.9333,6.8737,,5044.6667,6.1067,,26.6786,311.2602,2.4849,808.4,4.1484,
2021-07,99.1129,0.402,-0.2653,77.0323,10.4533,,767.9677,2.6518,,4887.4839,1.5285,,25.7248,222.2553,1.6346,766.3871,1.1668,
2021-08,98.3806,-9.4058,-1.22,76.0645,3.7852,,764.5161,3.2455,,4908.9355,2.6981,,28.5032,227.9459,1.5776,780.129,2.9588,
2021-09,97.4933,-10.6758,-1.3035,76.7,1.0097,,770.7667,2.4275,,4835.6333,-0.3661,,30.8176,295.3994,1.9297,785.1,2.2266,
2021-10,98.8194,-7.5503,-0.9706,78.2258,2.1053,,761.0968,1.6501,,4851.5161,-0.4705,,35.7938,369.539,2.2267,798.5161,2.6541,
2021-11,99.3333,-2.4086,-0.457,78.1,0.2567,,779.0667,4.005,,5054.6,3.2478,,23.499,260.2767,1.4112,815.7,5.7748,
2021-12,101.7097,6.7768,0.4421,72.0,2.2446,0.5196,738.1613,3.2487,0.7812,4978.6452,5.0547,1.1404,27.2136,284.1983,1.4942,819.1613,8.0688,1.6589
2022-01,101.0742,10.464,0.8026,72.7419,3.8214,0.7115,745.7097,4.2104,0.9253,4924.5806,5.035,1.0848,23.0555,126.5686,0.4503,789.6452,4.9115,0.7485
2022-02,101.0929,11.6096,0.9144,73.6071,1.0294,0.3217,751.8929,0.9688,0.3093,4987.7857,3.1097,0.597,23.0032,89.7703,0.2027,798.0357,5.0195,0.7554
2022-03,99.1516,1.9568,-0.026,78.9355,3.6425,0.6684,772.9032,0.2469,0.1679,5053.0,-0.0447,-0.1828,25.27,48.2679,-0.0762,797.3871,0.4715,-0.5306
2022-04,100.05,-2.3915,-0.4446,74.2667,-0.3132,0.1079,765.7333,-0.9785,-0.07,5063.6667,0.552,-0.0312,21.6015,8.242,-0.3449,804.8667,-0.2726,-0.7257
2022-05,98.7645,-7.5562,-0.9302,77.5161,4.4783,0.7751,793.7419,3.2954,0.7587,5098.8387,2.8293,0.5437,23.4829,-5.1447,-0.431,814.6129,1.7856,-0.1224
2022-06,98.9467,-4.6396,-0.6316,75.9,-1.129,-0.0366,790.0667,1.5597,0.4031,5172.2,2.5281,0.4558,19.0686,-28.5249,-0.5847,821.0333,1.5628,-0.1855
2022-07,98.0387,-5.9175,-0.736,70.1935,-8.8777,-1.1344,790.0968,2.8815,0.6563,5127.0323,4.9013,1.0468,14.642,-43.0821,-0.6752,802.0323,4.6511,0.7301
2022-08,98.2871,-3.5673,-0.4965,75.4839,-0.7634,0.0542,776.871,1.616,0.3896,5162.5161,5.1657,1.0781,9.8526,-65.4333,-0.8173,804.2258,3.0888,0.2498
2022-09,98.68,-3.6504,-0.4934,72.7667,-5.1282,-0.5841,777.5667,0.8822,0.2331,5101.0333,5.4884,1.1224,9.3224,-69.7498,-0.8314,804.4,2.4583,0.0538
2022-10,98.5032,-0.3776,-0.1721,75.0968,-4.0,-0.4072,768.4194,0.9621,0.2462,5178.3226,6.7362,1.3851,8.88,-75.1912,-0.8531,808.5484,1.2564,-0.319
2022-11,98.02,-0.0938,-0.1336,72.6333,-6.9996,-0.8433,754.8333,-3.1106,-0.6144,5152.9333,1.9454,0.147,7.6033,-67.6441,-0.7845,806.8333,-1.087,-1.0341
2022-12,96.9935,-2.0038,-0.3005,66.5806,-7.5269,-0.9006,730.0645,-1.0969,-0.1763,5062.4839,1.684,0.0774,9.0767,-66.6466,-0.7639,792.1935,-3.2921,-1.6431
2023-01,97.2355,-4.2901,-0.5,70.0,-3.7694,-0.3191,711.6774,-4.5637,-0.9134,4941.0323,0.3341,-0.2771,8.8852,-61.4615,-0.7147,763.3871,-3.3253,-1.5728
2023-02,96.9464,-5.3469,-0.5868,70.5,-4.2213,-0.3836,746.5,-0.7172,-0.067,5118.8929,2.6286,0.3354,7.3132,-68.208,-0.7513,787.1786,-1.3605,-0.9527
2023-03,95.8742,-4.6334,-0.5108,71.7742,-9.0723,-1.1129,743.7097,-3.7771,-0.734,5245.7742,3.815,0.6466,9.6796,-61.6954,-0.693,807.5484,1.2743,-0.1516
2023-04,96.8167,-3.527,-0.4081,70.6667,-4.8474,-0.4443,756.5,-1.2058,-0.1556,5203.7,2.7655,0.3536,9.2858,-57.0132,-0.6493,804.2333,-0.0787,-0.5581
2023-05,96.1516,-3.1666,-0.3709,71.0323,-8.3645,-0.9769,771.4516,-2.8083,-0.5115,5238.7097,2.7432,0.3427,7.5468,-67.8624,-0.7187,803.1613,-1.4058,-0.9468
2023-06,96.4067,-0.936,-0.1519,70.0333,-7.7295,-0.8581,775.9,-1.7931,-0.2754,5318.2333,2.8234,0.3604,6.1052,-67.9827,-0.7092,811.6333,-1.1449,-0.848
2023-07,95.6065,-2.0182,-0.247,68.7419,-2.068,0.0406,753.5484,-4.6258,-0.9119,5239.6129,2.1958,0.1802,4.9225,-66.381,-0.6875,789.4516,-1.5686,-0.9579
2023-08,94.9968,-2.5138,-0.2887,68.4839,-9.2735,-1.0895,743.7419,-4.2644,-0.8123,5144.5484,-0.348,-0.542,5.107,-48.1665,-0.5441,793.0645,-1.3878,-0.8832
2023-09,95.2467,-4.7843,-0.4993,70.8,-2.7027,-0.0355,760.4,-2.2077,-0.3288,5268.6667,3.2863,0.5028,5.3615,-42.4879,-0.4956,801.1333,-0.4061,-0.5681
2023-10,94.2355,-5.0189,-0.5093,69.4194,-7.5601,-0.8085,742.9355,-3.3164,-0.5814,5188.8387,0.2031,-0.3923,5.5868,-37.0854,-0.4496,794.8387,-1.6956,-0.9536
2023-11,94.69,-3.8966,-0.3858,67.8333,-6.6085,-0.6437,723.4333,-4.1599,-0.7682,5119.5,-0.6488,-0.6337,6.3781,-16.1145,-0.2861,788.1667,-2.3136,-1.1203
2023-12,93.2516,-5.0413,-0.4805,63.8387,-4.1182,-0.2332,693.3548,-5.0283,-0.9555,5005.0645,-1.1342,-0.7648,9.7165,7.0492,-0.1061,761.9677,-3.8155,-1.5347
2024-01,95.2194,-1.8403,-0.1705,64.5484,-7.788,-0.8261,700.9032,-1.5139,-0.1163,4991.2903,1.0172,-0.1227,10.451,17.6214,-0.0234,757.9677,-0.7099,-0.5668
2024-02,95.0621,-0.8966,-0.0833,68.931,-2.2255,0.0966,724.8966,-2.894,-0.4435,5012.8276,-2.072,-1.0306,12.9155,76.6063,0.4363,749.2414,-4.8194,-1.7678
2024-03,95.5806,5.3268,0.5087,67.7097,-5.6629,-0.4743,741.6129,-0.2819,0.1892,5255.1613,0.1789,-0.3498,15.423,59.3357,0.2848,811.9355,0.5433,-0.1351
2024-04,95.9933,5.0001,0.4772,69.3,-1.934,0.1546,764.5,1.0575,0.5115,5305.4333,1.955,0.1873,13.1827,41.9667,0.1347,811.3333,0.8828,-0.0305
2024-05,95.2774,4.7643,0.4478,68.2258,-3.951,-0.1879,766.7419,-0.6105,0.0984,5294.6774,1.0683,-0.0835,12.8777,70.6378,0.3485,834.2581,3.8718,0.8818
2024-06,94.6867,0.1335,-0.0001,70.9,1.2375,0.6965,765.1,-1.3919,-0.0957,5308.8333,-0.1768,-0.4634,11.8616,94.2853,0.5192,832.8,2.6079,0.4833
2024-07,94.3839,-3.155,-0.3182,69.4194,0.9855,0.6445,768.1613,1.9392,0.7329,5210.6129,-0.5535,-0.5738,11.6155,135.9666,0.8265,803.871,1.8265,0.2363
2024-08,95.0,-3.8217,-0.38,68.129,-0.5181,0.3788,740.129,-0.4858,0.1185,4974.9032,-3.2976,-1.3957,10.7712,110.9128,0.608,765.5161,-3.4737,-1.3996
2024-09,95.06,-2.1004,-0.2179,70.7667,-0.0471,0.4566,744.1333,-2.1392,-0.3007,5056.7333,-4.0225,-1.5705,10.583,97.3888,0.4857,796.9667,-0.5201,-0.47
2024-10,94.6097,0.4533,0.0201,71.3548,2.7881,0.9419,748.4194,0.7381,0.4353,5110.3871,-1.5119,-0.79,8.7604,56.8054,0.1551,815.2581,2.569,0.4984
2024-11,94.67,0.3795,0.0087,71.5333,5.4545,1.3782,738.2,2.0412,0.7627,5063.1333,-1.101,-0.6557,7.7742,21.8898,-0.1252,815.3333,3.4468,0.7665
2024-12,93.4935,-2.3287,-0.2574,60.9677,-4.4972,-0.3641,684.5484,-1.2701,-0.0978,5003.0968,-0.0393,-0.3247,6.1398,-36.811,-0.587,818.1935,7.379,1.9363
2025-01,94.6516,-2.5805,-0.2851,66.1935,2.5487,0.8554,686.0323,-2.1217,-0.3114,4842.0,-2.991,-1.2046,5.6935,-45.5217,-0.6525,756.2581,-0.2256,-0.4229
2025-02,94.475,-2.3971,-0.2668,67.1071,-2.646,-0.0912,745.0714,2.7831,0.943,4925.9286,-1.7335,-0.8034,5.9611,-53.8457,-0.7123,739.4286,-1.3097,-0.7573
2025-03,94.4065,1.0792,0.0762,70.8387,4.6212,1.1967,744.4839,0.3871,0.299,5060.871,-3.6971,-1.3606,6.575,-57.3689,-0.7358,777.9032,-4.1915,-1.6007
2025-04,95.41,2.1044,0.1557,67.0333,-3.2708,-0.2316,743.9333,-2.6902,-0.5479,5077.8333,-4.2899,-1.5259,5.7517,-56.3697,-0.7242,790.6333,-2.5514,-1.0891
2025-05,94.0226,1.7363,0.0808,70.4516,3.2624,0.9347,749.5484,-2.2424,-0.5009,5084.5161,-3.9693,-1.5077,5.4388,-57.7658,-0.736,800.3871,-4.06,-1.569
2025-06,95.2267,1.5983,0.0165,69.0667,-2.5858,-0.2142,750.7333,-1.8778,-0.455,5184.1,-2.3495,-1.0248,5.5766,-52.9864,-0.6974,812.9667,-2.3815,-1.0337
2025-07,95.1,0.0813,-0.1505,71.3548,2.7881,0.8189,748.6129,-2.5448,-0.7102,5051.129,-3.0608,-1.2705,6.8907,-40.6762,-0.6023,783.2258,-2.5682,-1.0762
2025-08,94.5323,1.445,0.0643,69.3548,1.7992,0.599,726.6129,-1.8262,-0.5033,5071.129,1.9342,0.3004,8.0305,-25.4451,-0.4868,795.4194,3.9063,0.8536
2025-09,94.2067,-1.1477,-0.2259,68.9667,-2.5436,-0.284,744.2,0.009,0.0688,5053.5,-0.0639,-0.3634,8.1051,-23.4136,-0.4773,803.1333,0.7738,-0.0901
2025-10,93.6452,-2.7359,-0.4707,69.7742,-2.2152,-0.2228,720.9032,-3.6766,-1.1652,4927.5806,-3.5772,-1.4962,8.0552,-8.0505,-0.3643,772.1935,-5.2823,-1.818
2025-11,94.6267,-3.3009,-0.5516,70.7667,-1.0718,0.0046,737.5667,-0.0858,0.0174,4999.2,-1.2627,-0.7489,8.6721,11.5491,-0.2192,798.2333,-2.0973,-0.8788
2025-12,93.7581,-2.5251,-0.3742,64.6129,5.9788,1.3877,697.129,1.8378,0.6382,4835.0968,-3.3579,-1.4114,8.8895,44.7857,0.033,764.6452,-6.5447,-2.055
2026-01,93.6516,-0.4917,0.0569,60.129,-9.1618,-1.5862,649.5484,-5.3181,-1.706,4672.9677,-3.491,-1.4234,9.7735,71.6615,0.2376,723.4516,-4.338,-1.3874
2026-02,94.975,-0.1328,0.1317,66.5357,-0.8515,0.0487,715.1429,-4.0169,-1.2386,4811.4286,-2.3244,-1.0187,11.3921,91.109,0.3861,730.1429,-1.2558,-0.5157
2026-03,95.5387,3.0632,0.7732,69.2903,-2.1858,-0.2178,733.8065,-1.4342,-0.3875,4786.7419,-5.4166,-1.9016,10.5523,60.4908,0.1542,745.8065,-4.1261,-1.2863
2026-04,94.68,4.5537,1.0881,70.5667,5.271,1.2497,730.4333,-1.8147,-0.4885,4790.8667,-5.6514,-1.9191,11.0376,91.9021,0.4304,,,
2026-05,95.8323,5.2953,1.4015,73.0,3.6172,0.996,753.0323,0.4648,0.3737,4917.5161,-3.2845,-1.1735,12.6023,131.7106,0.8787,,,
2026-06,94.55,1.2685,0.5575,74.9,8.4459,2.0726,741.6333,-1.2121,-0.2196,4970.9667,-4.1113,-1.407,12.1345,117.5991,0.8214,,,
2026-07,95.4806,0.9419,0.4777,72.6129,1.7631,0.7156,737.6452,-1.4651,-0.2982,4873.6774,-3.5131,-1.1698,12.7462,84.9765,0.5475,,,
2026-08,96.4097,0.5456,0.3567,70.7742,2.0465,0.7909,717.6129,-1.2386,-0.1792,4687.8387,-7.5583,-2.3337,14.3027,78.1054,0.5209,,,
2026-09,96.1846,4.2949,1.258,70.08,1.6143,0.6899,739.44,-0.6396,0.094,4728.88,-6.4237,-1.8864,15.6883,93.5602,0.7563,,,
