Date,Transaction Type,No.,Name,Memo/Description,Account,Amount,Tax Amount,BRG Facts
01/10/2025,Expense,1,,Unit rent,Rent or Lease Payments,2500.00,0.00,
03/10/2025,Expense,2,,Employers' and public liability,Insurance,3000.00,0.00,
10/10/2025,Expense,3,,Steel and consumables,Cost of Sales,7000.00,1400.00,
15/10/2025,Expense,4,,Electricity,Utilities,600.00,120.00,
18/10/2025,Expense,5,,Telephone,Telephone and Internet,100.00,20.00,
26/10/2025,Invoice,6,Trade customers,Machined components,Sales,20000.00,4000.00,
28/10/2025,Expense,7,,Bank charges,Bank Charges,45.00,0.00,
28/10/2025,Expense,8,,Directors' salaries (2),Directors Remuneration,2095.00,0.00,
01/11/2025,Expense,9,,Unit rent,Rent or Lease Payments,2500.00,0.00,
10/11/2025,Expense,10,,Steel and consumables,Cost of Sales,7000.00,1400.00,
15/11/2025,Expense,11,,Electricity,Utilities,600.00,120.00,
18/11/2025,Expense,12,,Telephone,Telephone and Internet,100.00,20.00,
20/11/2025,Expense,13,,Used lathe,Plant and Machinery,1500.00,300.00,
26/11/2025,Invoice,14,Trade customers,Machined components,Sales,20000.00,4000.00,
28/11/2025,Expense,15,,Bank charges,Bank Charges,45.00,0.00,
28/11/2025,Expense,16,,Directors' salaries (2),Directors Remuneration,2095.00,0.00,
01/12/2025,Expense,17,,Unit rent,Rent or Lease Payments,2500.00,0.00,
10/12/2025,Expense,18,,Steel and consumables,Cost of Sales,7000.00,1400.00,
15/12/2025,Expense,19,,Electricity,Utilities,600.00,120.00,
18/12/2025,Expense,20,,Telephone,Telephone and Internet,100.00,20.00,
26/12/2025,Invoice,21,Trade customers,Machined components,Sales,20000.00,4000.00,
28/12/2025,Expense,22,,Bank charges,Bank Charges,45.00,0.00,
28/12/2025,Expense,23,,Directors' salaries (2),Directors Remuneration,2095.00,0.00,
01/01/2026,Expense,24,,Unit rent,Rent or Lease Payments,2500.00,0.00,
10/01/2026,Expense,25,,Steel and consumables,Cost of Sales,7000.00,1400.00,
15/01/2026,Expense,26,,Electricity,Utilities,600.00,120.00,
18/01/2026,Expense,27,,Telephone,Telephone and Internet,100.00,20.00,
26/01/2026,Invoice,28,Trade customers,Machined components,Sales,20000.00,4000.00,
28/01/2026,Expense,29,,Bank charges,Bank Charges,45.00,0.00,
28/01/2026,Expense,30,,Directors' salaries (2),Directors Remuneration,2095.00,0.00,
01/02/2026,Expense,31,,Unit rent,Rent or Lease Payments,2500.00,0.00,
10/02/2026,Expense,32,,Steel and consumables,Cost of Sales,7000.00,1400.00,
11/02/2026,Expense,33,,Lathe spindle repair,Repairs and Maintenance,1800.00,360.00,improvement=no
15/02/2026,Expense,34,,Electricity,Utilities,600.00,120.00,
18/02/2026,Expense,35,,Telephone,Telephone and Internet,100.00,20.00,
26/02/2026,Invoice,36,Trade customers,Machined components,Sales,20000.00,4000.00,
28/02/2026,Expense,37,,Bank charges,Bank Charges,45.00,0.00,
28/02/2026,Expense,38,,Directors' salaries (2),Directors Remuneration,2095.00,0.00,
01/03/2026,Expense,39,,Unit rent,Rent or Lease Payments,2500.00,0.00,
05/03/2026,Expense,40,,Trade directory listing,Advertising/Promotional,240.00,48.00,
10/03/2026,Expense,41,,Steel and consumables,Cost of Sales,7000.00,1400.00,
15/03/2026,Expense,42,,Electricity,Utilities,600.00,120.00,
18/03/2026,Expense,43,,Telephone,Telephone and Internet,100.00,20.00,
20/03/2026,Expense,44,,Dividend,Dividends,20000.00,0.00,
26/03/2026,Invoice,45,Trade customers,Machined components,Sales,20000.00,4000.00,
28/03/2026,Expense,46,,Bank charges,Bank Charges,45.00,0.00,
28/03/2026,Expense,47,,Directors' salaries (2),Directors Remuneration,2095.00,0.00,
01/04/2026,Expense,48,,Unit rent,Rent or Lease Payments,2500.00,0.00,
10/04/2026,Expense,49,,Steel and consumables,Cost of Sales,7000.00,1400.00,
15/04/2026,Expense,50,,Electricity,Utilities,600.00,120.00,
18/04/2026,Expense,51,,Telephone,Telephone and Internet,100.00,20.00,
26/04/2026,Invoice,52,Trade customers,Machined components,Sales,20000.00,4000.00,
28/04/2026,Expense,53,,Bank charges,Bank Charges,45.00,0.00,
28/04/2026,Expense,54,,Directors' salaries (2),Directors Remuneration,2095.00,0.00,
01/05/2026,Expense,55,,Unit rent,Rent or Lease Payments,2500.00,0.00,
10/05/2026,Expense,56,,Steel and consumables,Cost of Sales,7000.00,1400.00,
15/05/2026,Expense,57,,Electricity,Utilities,600.00,120.00,
18/05/2026,Expense,58,,Telephone,Telephone and Internet,100.00,20.00,
26/05/2026,Invoice,59,Trade customers,Machined components,Sales,20000.00,4000.00,
28/05/2026,Expense,60,,Bank charges,Bank Charges,45.00,0.00,
28/05/2026,Expense,61,,Directors' salaries (2),Directors Remuneration,2095.00,0.00,
01/06/2026,Expense,62,,Unit rent,Rent or Lease Payments,2500.00,0.00,
10/06/2026,Expense,63,,Steel and consumables,Cost of Sales,7000.00,1400.00,
15/06/2026,Expense,64,,Electricity,Utilities,600.00,120.00,
18/06/2026,Expense,65,,Telephone,Telephone and Internet,100.00,20.00,
25/06/2026,Expense,66,,Accounts - short period,Accountancy Fees,2400.00,480.00,
26/06/2026,Invoice,67,Trade customers,Machined components,Sales,20000.00,4000.00,
28/06/2026,Expense,68,,Bank charges,Bank Charges,45.00,0.00,
28/06/2026,Expense,69,,Directors' salaries (2),Directors Remuneration,2095.00,0.00,
30/06/2026,Expense,70,,Depreciation,Depreciation,4000.00,0.00,
