code,name,debit,credit
Accountancy Fees,Accountancy Fees,1200.00,
Advertising/Promotional,Advertising/Promotional,1000.00,
Cost of Sales,Cost of Sales,45000.00,
Current Account,Current Account,31180.00,
Depreciation,Depreciation,2800.00,
Fines and Penalties,Fines and Penalties,100.00,
Insurance,Insurance,1800.00,
Meals and Entertainment,Meals and Entertainment,200.00,
Motor Vehicles,Motor Vehicles,14000.00,
Owner Drawings,Owner Drawings,36000.00,
Sales,Sales,,150000.00
Subcontractors,Subcontractors,12000.00,
Telephone and Internet,Telephone and Internet,600.00,
Use of Home,Use of Home,120.00,
Vehicle Expenses,Vehicle Expenses,4000.00,
