Date,Source,Description,Reference,Contact,Account Code,Account,Debit,Credit,VAT,BRG Facts
01 Apr 2025,Spend Money,Studio rent,R0001,,469,Rent,500.00,,0.00,
03 Apr 2025,Spend Money,Design software licences,R0002,,461,Software,200.00,,40.00,
25 Apr 2025,Receive Money,Design retainer,R0003,Various clients,200,Sales,,6000.00,1200.00,
28 Apr 2025,Spend Money,Bank charges,R0004,,404,Bank Fees,10.00,,0.00,
28 Apr 2025,Spend Money,Director's salary,R0005,,478,Directors' Remuneration,1047.50,,0.00,
01 May 2025,Spend Money,Studio rent,R0006,,469,Rent,500.00,,0.00,
03 May 2025,Spend Money,Design software licences,R0007,,461,Software,200.00,,40.00,
25 May 2025,Receive Money,Design retainer,R0008,Various clients,200,Sales,,6000.00,1200.00,
28 May 2025,Spend Money,Bank charges,R0009,,404,Bank Fees,10.00,,0.00,
28 May 2025,Spend Money,Director's salary,R0010,,478,Directors' Remuneration,1047.50,,0.00,
01 Jun 2025,Spend Money,Studio rent,R0011,,469,Rent,500.00,,0.00,
03 Jun 2025,Spend Money,Design software licences,R0012,,461,Software,200.00,,40.00,
25 Jun 2025,Receive Money,Design retainer,R0013,Various clients,200,Sales,,6000.00,1200.00,
28 Jun 2025,Spend Money,Bank charges,R0014,,404,Bank Fees,10.00,,0.00,
28 Jun 2025,Spend Money,Director's salary,R0015,,478,Directors' Remuneration,1047.50,,0.00,
01 Jul 2025,Spend Money,Studio rent,R0016,,469,Rent,500.00,,0.00,
03 Jul 2025,Spend Money,Design software licences,R0017,,461,Software,200.00,,40.00,
15 Jul 2025,Spend Money,Laptop (new),R0018,,720,Computer Equipment,2000.00,,400.00,
25 Jul 2025,Receive Money,Design retainer,R0019,Various clients,200,Sales,,6000.00,1200.00,
28 Jul 2025,Spend Money,Bank charges,R0020,,404,Bank Fees,10.00,,0.00,
28 Jul 2025,Spend Money,Director's salary,R0021,,478,Directors' Remuneration,1047.50,,0.00,
01 Aug 2025,Spend Money,Studio rent,R0022,,469,Rent,500.00,,0.00,
03 Aug 2025,Spend Money,Design software licences,R0023,,461,Software,200.00,,40.00,
04 Aug 2025,Spend Money,Parking penalty - company van bay,R0024,,456,Fines and Penalties,60.00,,0.00,fine_liability=business
25 Aug 2025,Receive Money,Design retainer,R0025,Various clients,200,Sales,,6000.00,1200.00,
28 Aug 2025,Spend Money,Bank charges,R0026,,404,Bank Fees,10.00,,0.00,
28 Aug 2025,Spend Money,Director's salary,R0027,,478,Directors' Remuneration,1047.50,,0.00,
01 Sep 2025,Spend Money,Studio rent,R0028,,469,Rent,500.00,,0.00,
03 Sep 2025,Spend Money,Design software licences,R0029,,461,Software,200.00,,40.00,
25 Sep 2025,Receive Money,Design retainer,R0030,Various clients,200,Sales,,6000.00,1200.00,
28 Sep 2025,Spend Money,Bank charges,R0031,,404,Bank Fees,10.00,,0.00,
28 Sep 2025,Spend Money,Director's salary,R0032,,478,Directors' Remuneration,1047.50,,0.00,
30 Sep 2025,Spend Money,Interim dividend,R0033,,970,Dividends,10000.00,,0.00,
01 Oct 2025,Spend Money,Studio rent,R0034,,469,Rent,500.00,,0.00,
03 Oct 2025,Spend Money,Design software licences,R0035,,461,Software,200.00,,40.00,
09 Oct 2025,Spend Money,Client dinner - pitch,R0036,,420,Entertainment,600.00,,0.00,attendees=includes_non_employees
25 Oct 2025,Receive Money,Design retainer,R0037,Various clients,200,Sales,,6000.00,1200.00,
28 Oct 2025,Spend Money,Bank charges,R0038,,404,Bank Fees,10.00,,0.00,
28 Oct 2025,Spend Money,Director's salary,R0039,,478,Directors' Remuneration,1047.50,,0.00,
01 Nov 2025,Spend Money,Studio rent,R0040,,469,Rent,500.00,,0.00,
03 Nov 2025,Spend Money,Design software licences,R0041,,461,Software,200.00,,40.00,
25 Nov 2025,Receive Money,Design retainer,R0042,Various clients,200,Sales,,6000.00,1200.00,
28 Nov 2025,Spend Money,Bank charges,R0043,,404,Bank Fees,10.00,,0.00,
28 Nov 2025,Spend Money,Director's salary,R0044,,478,Directors' Remuneration,1047.50,,0.00,
01 Dec 2025,Spend Money,Branded notebooks for 20 clients,R0045,,422,Client Gifts,240.00,,48.00,carries_logo=yes; gift_type=other; cost_per_recipient=12
01 Dec 2025,Spend Money,Studio rent,R0046,,469,Rent,500.00,,0.00,
03 Dec 2025,Spend Money,Design software licences,R0047,,461,Software,200.00,,40.00,
12 Dec 2025,Spend Money,Christmas meal (director),R0048,,421,Staff Entertainment,140.00,,28.00,
25 Dec 2025,Receive Money,Design retainer,R0049,Various clients,200,Sales,,6000.00,1200.00,
28 Dec 2025,Spend Money,Bank charges,R0050,,404,Bank Fees,10.00,,0.00,
28 Dec 2025,Spend Money,Director's salary,R0051,,478,Directors' Remuneration,1047.50,,0.00,
01 Jan 2026,Spend Money,Studio rent,R0052,,469,Rent,500.00,,0.00,
03 Jan 2026,Spend Money,Design software licences,R0053,,461,Software,200.00,,40.00,
25 Jan 2026,Receive Money,Design retainer,R0054,Various clients,200,Sales,,6000.00,1200.00,
28 Jan 2026,Spend Money,Bank charges,R0055,,404,Bank Fees,10.00,,0.00,
28 Jan 2026,Spend Money,Director's salary,R0056,,478,Directors' Remuneration,1047.50,,0.00,
01 Feb 2026,Spend Money,Studio rent,R0057,,469,Rent,500.00,,0.00,
03 Feb 2026,Spend Money,Design software licences,R0058,,461,Software,200.00,,40.00,
25 Feb 2026,Receive Money,Design retainer,R0059,Various clients,200,Sales,,6000.00,1200.00,
28 Feb 2026,Spend Money,Bank charges,R0060,,404,Bank Fees,10.00,,0.00,
28 Feb 2026,Spend Money,Director's salary,R0061,,478,Directors' Remuneration,1047.50,,0.00,
01 Mar 2026,Spend Money,Studio rent,R0062,,469,Rent,500.00,,0.00,
03 Mar 2026,Spend Money,Design software licences,R0063,,461,Software,200.00,,40.00,
20 Mar 2026,Spend Money,Year-end accounts,R0064,,412,Consulting & Accounting,1800.00,,360.00,
25 Mar 2026,Receive Money,Design retainer,R0065,Various clients,200,Sales,,6000.00,1200.00,
28 Mar 2026,Spend Money,Bank charges,R0066,,404,Bank Fees,10.00,,0.00,
28 Mar 2026,Spend Money,Director's salary,R0067,,478,Directors' Remuneration,1047.50,,0.00,
31 Mar 2026,Spend Money,Depreciation,R0068,,416,Depreciation,800.00,,0.00,
31 Mar 2026,Spend Money,Interim dividend,R0069,,970,Dividends,10000.00,,0.00,
31 Mar 2026,Spend Money,Employer's NIC 2025-26,R0070,,479,Employers National Insurance,1135.50,,0.00,
