month,de_toll_mileage_level,de_toll_mileage_momentum,de_toll_mileage_z,de_port_calls_level,de_port_calls_momentum,de_port_calls_z,ea_port_calls_level,ea_port_calls_momentum,ea_port_calls_z,world_port_calls_level,world_port_calls_momentum,world_port_calls_z,dry_bulk_freight_level,dry_bulk_freight_momentum,dry_bulk_freight_z,us_freight_tsi_level,us_freight_tsi_momentum,us_freight_tsi_z,us_cass_shipments_level,us_cass_shipments_momentum,us_cass_shipments_z,us_rail_carloads_level,us_rail_carloads_momentum,us_rail_carloads_z,us_port_calls_level,us_port_calls_momentum,us_port_calls_z,gcc_port_calls_level,gcc_port_calls_momentum,gcc_port_calls_z,hormuz_transits_level,hormuz_transits_momentum,hormuz_transits_z,bab_el_mandeb_transits_level,bab_el_mandeb_transits_momentum,bab_el_mandeb_transits_z
2012-01,100.6053,,,101.5417,,,99.9028,,,99.6142,,,1449.6364,,,100.0951,,,102.3763,,,99.2668,,,100.5548,,,99.2613,,,98.1516,,,94.9081,,
2012-02,100.2196,,,101.2383,,,99.0681,,,100.3768,,,1379.5714,,,100.5923,,,104.3956,,,98.9061,,,102.0403,,,100.3335,,,99.9132,,,91.3506,,
2012-03,99.5791,,,102.8707,,,99.2182,,,101.6715,,,1487.6818,,,100.7245,,,103.969,,,99.4037,,,102.0919,,,100.4728,,,99.9422,,,92.6048,,
2012-04,99.7165,,,102.6544,,,98.727,,,101.5408,,,1624.5238,,,100.1377,,,103.3258,,,96.9085,,,103.0342,,,98.9845,,,101.5193,,,92.0044,,
2012-05,99.9033,,,102.7253,,,98.9464,,,102.4971,,,1456.0435,,,100.4361,,,103.6879,,,95.6208,,,103.3599,,,98.8677,,,104.1955,,,93.4979,,
2012-06,99.4499,-1.7649,,102.1624,,,99.2302,,,102.7873,,,1315.4762,,,100.0204,-1.0808,,103.1822,,,95.7774,-11.8904,,103.5102,,,98.3057,,,106.2197,,,93.3708,,
2012-07,98.9667,-1.5868,,100.2427,,,98.3857,,,102.5653,,,1187.8182,,,99.7095,-1.6988,,102.2797,,,96.1022,-10.0542,,102.538,,,99.239,,,107.6262,,,93.6854,,
2012-08,98.3768,-3.1774,,98.7536,,,96.7539,,,102.1981,,,1122.3043,,,100.2032,-1.8002,,101.6195,,,95.012,-6.7308,,103.4237,,,95.5237,,,106.7697,,,92.4445,,
2012-09,97.5951,-5.412,,101.0399,,,96.9137,,,101.2901,,,1178.75,,,101.1787,0.6633,,102.3382,,,95.4523,-2.3926,,104.741,,,96.171,,,105.9907,,,91.5071,,
2012-10,97.1078,-6.8434,,101.5809,,,97.632,,,102.4157,,,1090.5652,,,101.7628,4.0288,,101.9599,,,97.1412,0.1462,,104.0892,,,98.2149,,,106.6184,,,93.7557,,
2012-11,97.2648,-6.3469,,102.0633,,,98.128,,,103.1717,,,1174.2273,,,101.8101,6.5826,,101.9755,,,97.087,3.9454,,102.9406,,,98.5499,,,108.295,,,95.5428,,
2012-12,97.0976,-4.6215,,102.8495,,,96.7148,,,102.0876,,,1082.3333,,,101.115,4.8642,,101.1837,,,96.7246,6.2645,,103.2814,,,98.9403,,,110.3559,,,92.3444,,
2013-01,97.3748,-1.8196,,103.1481,1.5821,,96.999,-2.9066,,102.6986,3.0964,,1143.7826,-21.0987,,100.4147,0.2578,,100.4664,-1.8656,,96.4471,3.7415,,103.1298,2.5608,,98.1722,-1.0972,,110.8862,12.9745,,93.6117,-1.3659,
2013-02,96.9772,-0.7079,,104.0595,2.7867,,97.1126,-1.9739,,101.8987,1.5163,,1414.65,2.5427,,100.9976,-2.8876,,99.6327,-4.5623,,95.2611,-1.7117,,104.1859,2.1026,,98.7262,-1.6019,,110.2714,10.3672,,98.2744,7.5794,
2013-03,96.7923,-0.4466,,103.5879,0.6972,,97.3058,-1.9275,,100.5535,-1.0996,,1523.1905,2.3868,,101.1157,-2.8056,,101.1158,-2.7442,,95.5876,-4.9336,,104.7149,2.5693,,98.6939,-1.7705,,110.1997,10.2634,,100.1638,8.1627,
2013-04,96.6297,-1.8221,,103.4653,0.7899,,97.8828,-0.855,,101.8874,0.3413,,1633.1818,0.533,,100.6439,-0.7661,,101.5803,-1.6893,,95.7971,-4.8866,,104.789,1.7031,,97.1546,-1.8486,,113.7267,12.0247,,97.9744,6.4889,
2013-05,97.0084,-1.3914,,105.0801,2.2924,,97.9233,-1.034,,101.1421,-1.322,,1819.1739,24.9395,,101.9079,1.5161,,103.9878,0.2892,,96.6626,-0.5334,,103.6237,0.2552,,95.9189,-2.9826,,114.6787,10.0611,,100.015,6.9704,
2013-06,97.1553,-0.4812,,105.1996,2.9729,,98.625,-0.6099,,102.7639,-0.0228,,1716.65,30.4965,,102.8382,3.8381,,104.3705,1.1516,,98.2464,4.8334,,104.9044,1.3469,,93.1582,-5.2362,,119.2726,12.2886,,100.8502,8.0104,
2013-07,97.5346,1.8015,,104.4595,4.2066,,100.342,1.9884,,103.7755,1.1799,,1892.6522,59.3385,,104.5266,8.8901,,106.8573,4.4756,,98.8828,10.3511,,105.9254,3.3035,,94.5399,-4.7351,,118.449,10.056,,100.4882,7.2613,
2013-08,99.0224,4.5972,,105.3593,6.689,,100.8623,4.2462,,105.6396,3.3674,,2097.7727,86.9166,,106.011,13.4144,,106.2735,4.5799,,99.8304,12.9624,,105.584,2.0887,,95.7118,0.1969,,121.1546,13.4728,,103.432,11.8855,
2013-09,100.8763,9.451,,105.9448,4.8544,,100.5102,3.7111,,107.2269,5.8612,,2499.0,112.0042,,106.2286,15.754,,107.1467,4.6986,,100.9753,12.9442,,105.0563,0.3009,,98.2628,2.1751,,122.537,15.6111,,107.1467,17.0912,
2013-10,102.4364,15.4033,,107.8983,6.219,,101.4117,3.8715,,109.3767,6.7969,,2741.6522,151.3974,,107.0993,13.6688,,108.3838,6.3003,,103.3475,14.8711,,104.0465,-0.041,,99.5898,1.3999,,125.0705,17.3067,,106.3125,13.3931,
2013-11,104.0442,19.9176,,108.0167,5.8331,,102.5079,4.4634,,110.6656,7.2635,,2899.8095,146.9547,,108.1548,10.7566,,108.6598,6.5548,,102.6824,14.2335,,105.7314,2.7111,,101.5049,2.9985,,124.1748,14.6635,,107.1258,12.1234,
2013-12,105.1082,20.4396,,107.531,4.5518,,101.3891,4.8331,,112.0749,9.783,,3541.9091,227.2475,,109.0445,9.8564,,109.4901,8.2093,,103.2571,13.4401,,106.0725,2.7024,,100.2574,1.3311,,125.6221,13.8336,,106.5156,15.3461,
2014-01,105.585,17.4465,,107.7692,4.4801,,101.2861,4.4197,,112.9982,10.029,,3586.6957,213.5819,,110.6427,11.0838,,108.9167,8.4111,,103.0942,6.5746,,102.8519,-0.2694,,98.1052,-0.0683,,126.0513,13.6762,,106.8775,14.171,
2014-02,106.1079,12.8693,,110.2158,5.9161,,102.2764,5.3174,,114.6091,12.4736,,3842.15,171.5972,,110.8103,11.697,,109.1694,9.5718,,103.4698,3.7196,,102.3056,-1.8047,,97.7789,-0.9595,,125.8641,14.1403,,111.3623,13.3177,
2014-03,106.249,8.4087,,110.4036,6.5796,,102.36,5.1942,,114.556,13.9254,,3822.5238,150.9551,,111.1001,10.5767,,108.4833,7.2861,,104.3691,2.1459,,101.8759,-2.7112,,97.7007,-1.0064,,123.4956,12.0653,,110.3726,10.1921,
2014-04,105.9973,4.6763,,110.7588,7.0492,,102.6031,4.8223,,115.8684,13.722,,3932.0455,140.7598,,111.3035,6.7172,,108.6216,6.9318,,104.4781,4.3179,,101.9487,-2.7106,,98.5764,1.4634,,120.6204,6.0617,,112.0883,14.4056,
2014-05,105.5465,1.2579,-0.246,110.9282,5.5654,,101.4718,3.6237,,117.7192,16.3899,,3843.5909,111.2822,,111.5029,4.1903,-0.1901,108.3616,4.206,,105.2272,5.6055,0.3132,102.198,-1.3758,,98.7352,2.9361,,120.163,4.7823,,112.9748,12.9578,
2014-06,105.2056,-1.4919,-0.5581,111.5075,5.9961,,102.5732,4.0033,,117.959,14.7865,,3719.8095,116.69,,111.2005,1.7602,-0.5885,107.1354,2.6492,,105.481,5.5849,0.3039,102.0492,-2.7217,,98.8604,6.121,,121.6239,1.9714,,113.3893,12.4334,
2014-07,105.2242,-2.9544,-0.7131,112.7617,7.9477,,104.4158,4.0599,,118.595,14.2804,,3294.8261,74.0851,,110.6189,0.1302,-0.8414,106.5626,-0.2758,,104.7515,4.0863,0.1024,102.9759,-2.7845,,99.1984,4.9275,,122.3809,3.3194,,110.3485,9.8123,
2014-08,105.219,-2.6714,-0.6606,114.5851,8.7565,,104.1882,3.2975,,118.1551,11.8474,,3047.6667,45.2811,,109.209,-3.4035,-1.3747,106.5188,0.2308,,104.0234,0.2314,-0.4122,104.1705,-1.3387,,99.8106,4.2824,,123.0606,1.5732,,112.1312,8.4105,
2014-09,104.7562,-1.9431,-0.5577,112.0376,5.7508,,103.2312,2.7071,,117.7865,9.8479,,2735.1818,9.4511,,109.21,-5.8193,-1.6601,104.4327,-2.533,,102.4703,-4.9086,-1.0774,103.7703,-1.2241,,100.2284,2.0004,,123.8057,1.0354,,109.0928,1.8163,
2014-10,104.7929,-1.5208,-0.4943,113.3968,5.0961,,101.6903,0.2747,,117.8509,7.7476,,2078.5652,-24.1857,,108.7309,-7.2039,-1.7479,104.0576,-3.9915,,102.2991,-8.1894,-1.4438,105.2766,1.1822,,100.7176,1.1324,,120.7334,-3.4677,,110.9832,4.3934,
2014-11,104.0558,-2.5652,-0.6121,112.6127,4.2548,,102.0172,-0.4787,,117.0395,5.7596,,1625.8,-43.9342,,108.1852,-5.7935,-1.444,104.9404,-3.4229,,101.3513,-9.9597,-1.5793,104.5824,-1.0867,,99.7988,-1.6807,,122.8045,-1.1035,,110.5588,3.2046,
2014-12,103.2402,-3.8893,-0.7613,111.1829,3.3961,-0.6407,101.367,-0.0218,-0.7996,115.488,3.0454,-0.7298,1293.913,-63.4685,-1.6462,106.743,-6.3804,-1.4544,103.5717,-5.4055,-1.5968,101.3945,-7.7335,-1.2344,102.8609,-3.0277,-1.4693,99.3796,-0.8755,-0.4118,122.6023,-2.4039,-1.7507,110.6761,3.906,-1.1424
2015-01,102.4274,-6.2582,-1.0312,113.1758,5.0168,0.1177,99.6318,-1.6332,-1.3195,114.6727,1.4818,-0.9705,1057.5,-70.516,-1.6011,105.6746,-7.7681,-1.57,103.0363,-5.399,-1.4875,101.4002,-5.8848,-0.9648,102.1424,-0.6899,-0.3532,96.778,-1.3528,-0.5644,120.4716,-4.4265,-1.8732,109.0724,2.0537,-1.4392
2015-02,100.7759,-8.8261,-1.3038,111.6048,1.2603,-1.5652,99.8406,-2.3816,-1.4896,114.006,-0.5262,-1.2624,1187.2,-69.1006,-1.4823,103.9925,-11.395,-1.9425,102.4884,-6.1198,-1.5271,99.6311,-4.7412,-0.7964,99.554,-2.6897,-1.2514,94.7019,-3.1469,-1.1489,118.7611,-5.6434,-1.8663,106.3865,-4.4681,-2.3958
2015-03,99.0753,-11.9932,-1.6116,113.2119,2.5436,-0.9359,99.8556,-2.4467,-1.4241,113.7271,-0.7235,-1.2347,1154.0,-69.8105,-1.4047,102.6188,-13.3321,-2.036,100.3722,-7.4768,-1.6676,97.9295,-7.7424,-1.1458,98.5272,-3.2871,-1.4443,94.0431,-3.7437,-1.2904,120.5187,-2.4106,-1.3315,103.4352,-6.2855,-2.3652
2015-04,98.6752,-13.6951,-1.7146,113.848,2.7891,-0.7977,99.9663,-2.5699,-1.3872,114.0959,-1.5297,-1.3069,1060.3182,-73.0339,-1.3642,102.263,-13.8495,-1.952,101.4162,-6.6335,-1.4195,97.9729,-10.8548,-1.4759,96.9399,-4.913,-1.9912,94.5533,-4.0812,-1.3355,120.7582,0.1143,-0.945,103.3302,-7.8135,-2.2985
2015-05,98.1873,-13.0237,-1.5538,112.1772,1.1259,-1.4844,98.0366,-3.3853,-1.5616,112.2299,-4.6631,-1.7147,915.3333,-76.1855,-1.3295,102.4387,-11.0051,-1.5159,104.4678,-3.5933,-0.8174,96.9705,-12.049,-1.5479,96.3617,-5.7108,-2.1035,93.6,-5.201,-1.6077,117.2004,-2.4654,-1.2467,103.1272,-8.7167,-2.1751
2015-06,98.6159,-8.6993,-1.0184,112.8049,1.1635,-1.3926,97.9442,-4.5129,-1.7913,113.7861,-3.5376,-1.4462,801.0455,-78.4654,-1.2918,102.7972,-5.9919,-0.8719,103.0235,-3.8381,-0.8394,97.0817,-8.9619,-1.1279,96.626,-5.3142,-1.7973,91.8585,-7.0826,-2.0287,121.7846,0.1321,-0.8612,103.9431,-8.3308,-1.9412
2015-07,98.8807,-3.7547,-0.4333,113.9455,1.0498,-1.3739,98.6976,-5.4764,-1.9273,113.8723,-3.9822,-1.4401,755.7826,-77.0615,-1.224,102.9909,-0.8357,-0.2264,106.0488,-0.4822,-0.1918,97.6566,-5.077,-0.6355,94.2019,-8.5204,-2.6193,93.5018,-5.7427,-1.5207,118.8172,-2.9119,-1.2307,103.3541,-6.3384,-1.5778
2015-08,99.591,1.563,0.193,114.1371,-0.391,-1.8606,97.7964,-6.1348,-1.9554,113.5068,-3.9341,-1.3661,670.0476,-78.0144,-1.1864,103.2041,2.1938,0.1539,105.4335,-1.0188,-0.2916,97.4959,-0.8695,-0.1095,94.948,-8.8533,-2.4168,92.7696,-7.0544,-1.7875,122.8458,-0.1745,-0.8312,105.5511,-5.8683,-1.4414
2015-09,100.3819,4.6477,0.5533,111.4755,-0.5017,-1.7804,99.1317,-3.9712,-1.2816,113.674,-3.4915,-1.2453,671.6364,-75.4445,-1.1191,104.4932,4.2138,0.4062,107.9787,3.3955,0.5714,99.3506,3.4377,0.4283,95.6811,-7.7953,-1.9256,90.8898,-9.3174,-2.2147,125.1923,1.12,-0.6384,106.2108,-2.6418,-1.0007
2015-10,100.3354,6.404,0.7509,111.6834,-1.511,-2.0166,101.102,-0.5786,-0.3171,114.7911,-2.5963,-1.0708,725.3182,-65.1049,-0.9818,105.8621,7.102,0.7644,106.1362,1.9975,0.2869,99.046,5.8614,0.724,96.0313,-8.7819,-2.0428,90.1512,-10.4912,-2.2857,123.5086,2.2986,-0.4655,106.8713,-3.705,-1.0978
2015-11,101.3861,6.9263,0.7984,112.2088,-0.3586,-1.4976,102.7995,0.7668,0.0676,116.4483,-0.5051,-0.731,637.7619,-60.7724,-0.9119,106.3531,10.3691,1.1551,108.5362,3.4265,0.5662,99.8935,8.5504,1.0424,97.454,-6.8161,-1.4168,89.1839,-10.6363,-2.1274,126.8899,3.3268,-0.3153,106.6169,-3.5654,-1.0473
2015-12,101.9048,6.5429,0.7381,111.4552,0.2449,-1.2249,102.6825,1.2977,0.219,116.7961,1.1326,-0.4679,716.1304,-44.6539,-0.7279,106.5579,10.8223,1.1794,109.5217,5.7448,1.0121,99.9594,6.1056,0.716,98.4618,-4.2767,-0.6906,86.5489,-12.9108,-2.4012,130.3723,6.3376,0.1141,106.936,-3.3794,-0.9951
2016-01,102.3794,7.3356,0.8194,114.6132,1.2701,-0.8222,102.5664,2.9454,0.691,117.6824,2.6246,-0.2297,824.5238,-22.0308,-0.4822,107.5304,9.0724,0.9338,108.4644,5.2681,0.892,97.7821,2.3766,0.2322,98.6994,-3.3708,-0.4279,86.6292,-10.4867,-1.7577,133.436,10.7613,0.7406,109.0162,-0.0516,-0.566
2016-02,102.8304,6.8021,0.7407,114.8735,2.9288,-0.1963,104.0328,4.1989,1.0341,116.6106,2.2846,-0.28,841.2857,-29.137,-0.5482,108.3522,7.4385,0.7112,107.918,5.2978,0.877,97.9588,-3.4277,-0.5175,98.1355,-1.4248,0.1262,89.342,-5.6598,-0.7103,135.5486,14.1355,1.1934,107.4448,0.9948,-0.4263
2016-03,103.7726,7.245,0.7816,114.9846,1.5658,-0.7015,105.6186,5.7714,1.4398,117.4432,3.2675,-0.1196,908.4783,-21.2757,-0.4568,108.56,7.3061,0.683,107.1158,6.7186,1.1348,98.1832,-6.4931,-0.9024,99.4941,0.9814,0.8054,88.9049,-5.4637,-0.6558,136.9369,13.6229,1.0871,104.5881,1.1146,-0.4049
2016-04,104.726,7.6132,0.8127,115.1861,1.1753,-0.833,107.4456,7.4818,1.8296,117.9546,3.3819,-0.0996,944.9048,-10.8848,-0.3395,110.4791,8.9617,0.8816,106.4877,5.0007,0.7667,99.0385,-3.2581,-0.4699,100.8712,4.0555,1.6196,88.3467,-6.5641,-0.8747,138.0499,14.3192,1.1527,105.8954,2.4825,-0.2242
2016-05,105.7473,9.6167,1.0393,114.7315,2.277,-0.4035,109.2834,11.472,2.6469,118.1389,5.2651,0.2101,857.1818,-6.353,-0.2861,110.0099,8.4537,0.8013,107.6549,3.0508,0.3596,99.2708,1.0758,0.105,99.7939,3.5618,1.4232,90.4061,-3.4123,-0.1863,137.3248,17.1709,1.4996,107.3146,4.0605,-0.0163
2016-06,105.7701,9.7366,1.0318,114.2695,1.2984,-0.769,109.7154,12.0183,2.5267,119.7087,5.205,0.1976,904.3636,12.8979,-0.0719,110.2206,7.9534,0.7242,108.0289,4.8585,0.7232,98.9549,4.6236,0.5737,99.5336,3.0091,1.2295,91.0691,-0.8594,0.3713,138.5794,13.7906,0.9964,107.7063,3.6204,-0.0741
2016-07,106.2499,8.5322,0.8663,115.0613,0.9793,-0.8752,109.8583,11.308,2.1886,122.3229,7.4211,0.5653,1047.8571,38.6453,0.2144,111.0862,4.883,0.3163,105.1797,-0.8195,-0.4613,98.87,2.6207,0.2995,98.8207,4.9031,1.6762,91.5056,-2.135,0.0862,142.3784,19.8298,1.7599,108.6888,5.1616,0.1322
2016-08,106.0189,4.9161,0.4103,116.1141,1.7322,-0.5716,108.3741,10.816,1.957,124.1194,9.3498,0.8775,1287.4783,92.1473,0.8062,112.3319,5.6971,0.4197,105.3763,-0.0543,-0.2956,98.9441,0.3737,-0.0072,100.2695,5.6046,1.7756,93.9324,1.2534,0.8334,142.7202,16.1784,1.2205,105.5207,-0.0288,-0.5676
2016-09,106.6728,3.4566,0.2244,116.073,4.1242,0.3681,109.8028,10.7646,1.8466,123.9477,9.0378,0.8088,1307.2727,94.64,0.819,112.0197,5.8427,0.4342,106.6858,-1.1974,-0.5326,99.9939,0.7339,0.042,100.2172,4.7409,1.4901,92.858,2.1655,1.016,148.3937,18.5326,1.4863,103.3205,-2.7213,-0.9187
2016-10,107.5812,3.1915,0.1889,116.6011,4.4032,0.473,112.8795,11.6491,1.9276,126.3433,10.0637,0.9647,1190.0,64.0659,0.4632,112.4983,6.8495,0.5632,107.4724,1.2589,-0.0025,100.1131,2.6589,0.307,99.4093,3.5176,1.1414,93.3532,3.5518,1.29,144.9176,17.334,1.2856,103.6312,-3.0318,-0.9416
2016-11,108.0871,5.5217,0.4821,115.4128,2.8553,-0.1479,113.0342,9.956,1.5193,126.7496,8.8463,0.7422,1529.4091,139.8088,1.2982,114.1359,6.1498,0.4628,110.6183,1.9183,0.1399,101.6623,6.9119,0.8896,101.705,4.362,1.3201,94.6938,6.1781,1.7917,145.7055,14.8282,0.9312,103.8992,-2.549,-0.8587
2016-12,109.1022,7.5132,0.729,117.0031,4.9777,0.7037,113.2769,10.3177,1.5359,127.5892,9.241,0.7968,1891.2273,164.0898,1.5202,115.8979,8.7318,0.8044,108.8832,-0.583,-0.4069,102.9677,9.6452,1.2444,102.9645,4.573,1.3338,95.6834,10.5542,2.5243,142.6107,9.3872,0.1998,101.1123,-5.4459,-1.226
2017-01,110.2033,9.1931,0.9311,116.9084,2.0025,-0.5057,114.86,11.986,1.7886,127.8786,8.6641,0.686,2158.5909,161.7985,1.4461,116.7951,12.3867,1.2757,110.2179,1.6167,0.0818,102.8531,11.7641,1.4956,104.0495,5.4206,1.4975,94.7476,9.3714,2.1455,138.9346,4.1208,-0.5068,102.6778,-5.8142,-1.2429
2017-02,111.5443,10.9842,1.1399,118.1002,2.8089,-0.1718,116.0924,11.5921,1.646,129.3063,10.8873,1.052,2342.9,178.4904,1.5737,117.8033,14.7385,1.5484,111.1924,3.0341,0.396,104.3449,11.6026,1.433,105.1062,7.1032,1.8342,94.1316,5.3609,1.3186,140.3214,3.5211,-0.5808,98.2562,-8.5519,-1.56
2017-03,112.1714,11.7528,1.2126,117.6991,2.3607,-0.3544,115.2995,9.1658,1.1514,130.8506,11.4161,1.1187,2761.8696,204.0105,1.7755,118.2575,12.612,1.2338,113.1642,5.6465,0.9698,102.7389,6.9935,0.7904,105.6713,6.2085,1.5591,97.3432,9.4914,2.0151,140.2541,2.4224,-0.7208,101.6301,-2.8282,-0.7775
2017-04,112.7955,11.6149,1.1705,117.8491,2.3119,-0.3708,115.2655,7.2781,0.777,131.9301,11.8482,1.1665,3476.7,267.9418,2.3039,119.4728,10.4237,0.9253,112.1176,5.2868,0.873,103.2833,3.805,0.3489,106.4833,5.5636,1.364,97.9228,10.8391,2.1424,139.6087,1.1292,-0.8839,99.3785,-6.154,-1.1975
2017-05,113.5999,9.6612,0.9055,119.1724,3.8707,0.2862,114.9097,5.1483,0.3628,132.7147,12.3378,1.2216,4748.7826,453.9995,3.5995,119.9743,8.4838,0.6567,111.2778,3.3653,0.431,102.9824,-1.4889,-0.3806,108.4232,8.6471,1.999,98.3299,8.7647,1.6989,137.7881,0.3374,-0.975,98.4217,-8.2868,-1.4402
2017-06,115.4424,9.8287,0.8984,118.5006,3.7027,0.2124,118.1646,7.701,0.845,133.6083,11.6112,1.074,5627.9545,522.311,3.6102,119.9137,7.5805,0.5159,112.1306,3.7969,0.5238,103.522,-0.1924,-0.2337,109.8819,10.3968,2.2626,100.7349,10.6138,1.9361,138.0443,-0.3862,-1.0539,96.3116,-10.5795,-1.6815
2017-07,117.0884,11.9341,1.1297,123.1041,6.99,1.5764,118.3081,7.6915,0.8302,134.2301,9.7343,0.74,5764.0,450.075,2.7895,120.1981,5.221,0.1823,113.3903,7.8063,1.4092,105.2615,1.815,0.0269,110.2984,11.6147,2.3736,98.8785,8.0574,1.45,134.8961,-5.2552,-1.6659,93.5392,-13.9385,-2.0187
2017-08,118.3012,15.2974,1.4964,124.2224,6.9831,1.5256,120.3428,11.0438,1.4432,136.5434,10.0096,0.7763,5906.0435,358.7296,2.0253,121.476,4.4135,0.0589,111.9056,6.1962,1.0219,105.9566,7.6338,0.8537,111.4212,11.1217,2.1506,99.655,6.0923,1.0911,135.2877,-5.2078,-1.6052,93.2257,-11.6517,-1.6691
2017-09,119.6813,16.4071,1.572,125.3067,7.9551,1.8556,123.7009,12.6573,1.6939,137.0717,10.5884,0.8633,5965.4762,356.3299,1.923,121.9354,4.8136,0.1042,113.6347,6.5135,1.0735,106.5017,10.642,1.2542,114.7449,14.4962,2.6334,97.8871,5.4159,0.9588,134.8768,-9.1088,-2.0282,89.2984,-13.5715,-1.8328
2017-10,121.0036,15.7044,1.434,125.38,7.529,1.6269,127.1018,12.5996,1.6286,138.0409,9.2585,0.6243,5915.7273,397.1199,2.097,123.8639,8.2284,0.5599,114.813,6.8303,1.1232,108.4267,12.2232,1.4316,115.0757,15.7595,2.6659,100.777,7.9524,1.3583,132.7074,-8.4256,-1.8625,88.9542,-14.1627,-1.8312
2017-11,122.3151,14.6119,1.2569,128.8998,11.6859,3.0056,129.949,14.9643,1.9814,138.8925,9.5802,0.6722,5688.5909,271.947,1.2366,125.8749,11.6335,1.0046,117.0545,5.8183,0.8794,108.3482,11.2984,1.2635,114.3911,12.4735,1.9786,100.1144,5.7243,0.9637,134.4972,-7.6924,-1.7091,89.7025,-13.6639,-1.7113
2017-12,123.2701,13.6204,1.0973,132.0133,12.8289,3.1078,132.9642,17.3798,2.29,138.9286,8.8875,0.5445,5632.1429,197.8036,0.736,127.5589,15.9301,1.5291,114.035,4.7315,0.6243,108.0886,9.3017,0.967,115.3788,12.0568,1.8335,101.0252,5.5828,0.925,130.7364,-8.3264,-1.7272,89.3781,-11.6052,-1.4324
2018-01,123.822,12.1272,0.8831,133.1418,13.8855,3.1181,131.9412,14.8713,1.7741,139.3481,8.9691,0.5413,5813.0,169.296,0.5265,128.7169,17.212,1.6274,115.4037,4.705,0.5954,109.3837,6.2958,0.5348,114.5156,10.0588,1.4391,100.2148,5.7703,0.9308,132.2796,-4.79,-1.2494,89.5769,-12.7592,-1.5141
2018-02,123.5792,8.725,0.4448,131.2354,11.1221,2.1189,131.7704,13.5048,1.4816,137.9198,6.6613,0.1188,5857.05,149.9915,0.3822,129.8297,16.4595,1.4721,114.3209,2.8137,0.1348,110.1033,5.4262,0.396,118.1312,12.3922,1.7589,100.8136,7.0986,1.1194,133.2685,-5.0262,-1.2342,86.5416,-11.9226,-1.3672
2018-03,123.3232,4.5895,-0.0777,130.453,10.8361,1.9342,130.8642,13.4994,1.4279,138.6211,5.9384,-0.0309,5394.5,95.3206,0.0071,130.1225,12.6117,0.9459,113.6045,0.3891,-0.4513,108.6293,4.0656,0.1842,119.045,12.656,1.7287,101.575,4.3473,0.6407,134.7512,-3.9235,-1.0658,82.684,-18.6422,-2.0121
2018-04,124.0165,1.6469,-0.4528,131.3905,11.4904,2.0197,130.5038,13.2201,1.3316,139.4614,5.7086,-0.0893,5060.6667,45.5595,-0.3318,130.7729,9.2815,0.4979,114.7235,2.3243,-0.0082,108.7019,1.9962,-0.1288,119.8849,12.5856,1.6481,101.8529,4.0135,0.5679,135.2776,-3.1023,-0.9361,80.0534,-19.446,-1.9904
2018-05,124.3283,1.0798,-0.5307,130.6487,9.6301,1.4277,134.024,16.6342,1.8234,139.3262,4.9818,-0.2444,5931.2609,24.9007,-0.4704,131.2554,6.4113,0.1176,117.3085,5.4195,0.7097,109.4512,-0.9649,-0.5544,120.5159,11.1532,1.3717,101.6755,3.4024,0.4489,137.4598,-0.2382,-0.5741,82.2252,-16.4562,-1.6051
2018-06,124.6606,2.4838,-0.3621,129.0676,8.9173,1.1848,132.0645,11.7631,0.9824,141.6793,6.0408,-0.0682,5688.619,1.0779,-0.6259,132.1588,5.801,0.0346,117.8056,5.061,0.6072,109.404,-0.6799,-0.4994,123.4497,12.3476,1.4991,102.4676,1.72,0.1502,137.1855,-0.6221,-0.5969,82.9994,-13.822,-1.2846
2018-07,125.1592,3.5281,-0.2347,127.7648,3.786,-0.2551,133.3251,12.6932,1.0994,141.2684,5.2434,-0.2318,5314.6818,-7.7952,-0.6755,132.1418,5.0381,-0.0558,118.1735,4.2184,0.4079,109.2864,0.8667,-0.2566,122.6068,11.1591,1.2799,102.644,3.8082,0.4802,135.0313,0.1002,-0.4913,79.5418,-14.9642,-1.352
2018-08,126.0991,4.654,-0.0931,127.4016,2.5593,-0.5803,132.4683,10.0759,0.6501,142.843,4.6136,-0.3551,5673.1739,-3.9429,-0.6374,132.6602,4.9973,-0.0433,121.0328,8.1561,1.314,109.8867,2.215,-0.0353,123.3192,10.6784,1.1722,102.5594,2.9144,0.3211,136.6029,0.9722,-0.3649,83.1428,-10.8156,-0.8976
2018-09,127.4336,6.2389,0.1135,128.4725,2.5264,-0.577,135.2401,9.3283,0.5114,144.5316,5.4423,-0.1972,5439.45,-8.8178,-0.6541,133.1967,3.9242,-0.1603,120.7245,6.2391,0.8539,110.7176,2.8804,0.0901,122.0307,6.3496,0.5146,104.3384,6.5905,0.9235,135.4587,0.4314,-0.4063,84.7605,-5.0817,-0.2759
2018-10,128.6131,8.8284,0.4597,128.7791,2.711,-0.5087,138.2455,8.7675,0.4058,145.1344,5.1387,-0.2492,5703.7826,-3.5827,-0.6013,135.2188,5.6995,0.094,121.8469,6.1264,0.8287,110.7973,4.0336,0.3013,124.882,8.5216,0.8119,106.625,5.8029,0.7749,135.4922,2.0985,-0.1737,87.421,-1.7235,0.1135
2018-11,130.5998,11.9129,0.8922,130.4882,1.2322,-0.8959,139.1619,7.0896,0.1232,146.4373,5.4321,-0.1881,5824.0909,2.382,-0.5452,137.4409,9.2696,0.5779,122.8156,4.9218,0.5557,112.6599,6.9907,0.8031,126.298,10.4089,1.061,105.6247,5.504,0.7155,136.8909,1.7797,-0.1901,90.0976,0.4404,0.3809
2018-12,132.8649,14.9068,1.3233,136.7659,3.6,-0.2324,143.8658,8.1989,0.2962,149.409,7.5437,0.218,5952.4762,5.6876,-0.5017,139.0166,14.4714,1.2547,123.2391,8.0713,1.2982,112.2265,7.2113,0.8753,130.4727,13.082,1.4021,105.2826,4.2143,0.4919,135.8374,3.9017,0.1058,93.5547,4.6729,0.9034
2019-01,134.7041,17.8563,1.7139,141.6678,6.4037,0.5373,145.854,10.5446,0.6628,151.3257,8.5955,0.4226,5899.3043,1.4847,-0.5084,140.4651,16.766,1.5249,125.5552,8.7966,1.4643,113.3159,8.4644,1.0707,131.8357,15.1247,1.6242,105.3026,5.0769,0.6191,139.4419,5.4145,0.3266,90.2537,0.7556,0.4921
2019-02,136.721,19.5407,1.882,142.1275,8.2997,1.0439,149.8059,13.687,1.1419,153.6951,11.438,0.9686,5974.85,2.0113,-0.4867,142.3784,16.7304,1.4896,131.1016,14.6786,2.7059,116.7775,10.1116,1.3039,132.228,11.9331,1.1359,107.0898,6.2255,0.7861,136.9268,2.745,-0.0027,91.0303,5.1868,1.0661
2019-03,138.736,19.7645,1.834,145.0072,11.1566,1.765,152.4368,16.4847,1.5333,157.6917,13.7574,1.4118,5879.5714,8.992,-0.4245,145.4205,17.1178,1.5019,133.89,17.8563,3.1148,117.0079,14.3151,1.8877,133.168,11.8636,1.0888,106.2086,4.5618,0.4962,141.2598,4.8301,0.2998,89.9195,8.7509,1.5142
2019-04,140.8307,19.4828,1.7213,147.5748,12.3177,1.9894,153.8552,17.8933,1.6813,160.1826,14.858,1.609,5747.7727,13.5774,-0.3799,147.8812,19.2475,1.703,137.2558,19.6405,3.152,118.3665,17.5478,2.2543,136.3918,13.7689,1.3066,110.0822,8.0796,1.0475,142.5868,5.4031,0.3801,94.8386,18.4691,2.651
2019-05,143.9942,20.4734,1.7596,149.8586,14.7034,2.4366,155.6262,16.1182,1.3553,160.0567,14.8791,1.6317,5446.6087,-8.1711,-0.5113,150.3581,22.3282,1.9786,139.8265,19.1955,2.8084,117.3906,12.7753,1.4974,137.2989,13.926,1.2815,111.6346,9.795,1.2904,148.3779,7.9427,0.7187,97.1303,18.1272,2.5383
2019-06,145.3432,20.9861,1.7411,154.073,19.3738,3.2073,157.6179,19.3492,1.7646,161.0911,13.7012,1.4176,5807.3,2.0863,-0.4297,152.3057,22.4916,1.8989,144.3248,22.511,3.0555,117.8211,7.6757,0.7424,139.6693,13.1386,1.1344,113.291,10.5628,1.3845,152.7295,11.3307,1.1474,97.768,17.7936,2.4321
2019-07,147.8084,21.5993,1.7366,155.8993,22.0205,3.3723,160.8269,20.6276,1.8603,164.4278,16.3939,1.9057,5964.7826,12.2322,-0.3547,154.7529,21.5002,1.705,147.2184,24.5782,3.0544,117.9301,1.1292,-0.2072,140.5941,14.6708,1.2974,116.2088,13.2154,1.7403,156.0418,15.5598,1.6513,97.8182,22.9771,2.8444
2019-08,150.3248,20.1762,1.5119,157.9358,23.9669,3.3492,163.4694,23.4027,2.1329,166.5521,16.598,1.887,5891.2727,3.8444,-0.4055,158.7522,21.5172,1.639,148.3119,22.5386,2.5477,119.4316,2.7698,0.0264,141.6803,14.8891,1.2805,116.4588,13.5526,1.7246,158.4411,15.9866,1.6373,93.4358,12.38,1.6612
2019-09,152.9324,20.8942,1.5332,159.9549,24.5051,3.0973,169.8527,25.5935,2.2866,167.3253,15.7708,1.6787,5982.3333,9.9805,-0.3647,161.0773,23.1101,1.7486,151.3691,25.3839,2.7151,120.3814,4.7955,0.302,143.0511,17.2255,1.5332,118.6882,13.7532,1.6827,160.401,18.4132,1.8564,94.3537,11.3181,1.5027
2019-10,155.9934,21.813,1.5733,162.5489,26.2231,3.0469,172.1691,24.5386,2.0366,166.7733,14.9096,1.4727,5521.8696,-3.1893,-0.4553,163.7306,24.8975,1.8741,157.1623,28.9834,2.9159,123.887,12.5062,1.3984,147.9058,18.4365,1.6232,121.033,13.5128,1.582,158.1093,16.6926,1.5751,93.0985,6.4944,0.9832
2019-11,159.5701,24.5493,1.7994,167.7885,28.5852,3.0644,173.9528,25.0004,1.996,169.584,15.8066,1.5689,5750.5714,-1.2623,-0.4485,168.0185,25.2962,1.8429,159.9383,30.2263,2.8168,124.3471,16.0076,1.8596,148.4324,17.5256,1.4479,124.9833,18.3277,2.145,158.1158,15.505,1.3762,96.8739,7.5212,1.0772
2019-12,162.2437,25.9077,1.8661,171.7992,25.6156,2.4633,174.9787,21.6264,1.5087,173.9494,16.425,1.6071,5879.1818,-1.2313,-0.4573,171.2195,26.1587,1.8643,165.051,33.9275,2.9655,125.6073,19.2517,2.231,150.9643,15.7057,1.1734,124.501,18.2541,2.0204,156.8644,15.4796,1.3239,99.2506,6.0883,0.9198
2020-01,164.3362,25.5689,1.7644,171.0669,20.7521,1.7398,175.4879,20.3176,1.3012,173.7762,14.8359,1.2881,5836.913,-1.0576,-0.4665,172.4062,25.3344,1.7206,167.0753,33.0692,2.665,126.9002,15.2715,1.5915,153.9816,16.7981,1.2688,128.354,21.8906,2.3446,156.0461,11.9076,0.864,99.5816,10.3352,1.3327
2020-02,165.7,21.9061,1.3367,171.7365,20.8327,1.6749,174.4335,16.4397,0.7826,171.8378,11.8044,0.7449,5874.5,-1.6795,-0.4809,175.0849,22.7225,1.4147,173.2143,32.1222,2.4127,128.4453,14.075,1.3702,154.0696,16.5181,1.1928,130.599,21.9528,2.2139,156.6618,14.4128,1.1294,99.0441,8.8034,1.1387
2020-03,167.0463,17.1395,0.7931,171.3904,18.1945,1.2944,173.9248,14.0963,0.455,173.8094,10.221,0.4481,5826.4545,-0.9034,-0.4862,175.4409,16.8469,0.7389,175.3025,30.9302,2.1814,130.1417,13.0551,1.191,152.6389,14.6213,0.9187,132.0707,24.3504,2.3508,155.2803,9.9254,0.5632,102.0999,13.5458,1.5588
2020-04,155.2692,1.5438,-1.1073,161.8303,9.6599,0.2154,165.5786,7.6198,-0.432,164.6544,2.7917,-0.8768,3675.3636,-36.0559,-0.7333,164.5761,2.7308,-1.0539,163.8496,19.3753,1.023,121.8324,3.8378,-0.2169,146.5278,7.4316,-0.0406,129.1352,17.3079,1.4614,150.8339,5.7839,0.0477,98.3364,3.6882,0.5508
2020-05,151.781,-13.9762,-2.9972,159.2227,6.2486,-0.2236,163.0069,4.7426,-0.8617,162.121,1.2898,-1.1978,2203.7143,-59.5397,-0.898,159.523,-13.9836,-3.1319,159.7399,14.2415,0.4937,122.4596,-6.6713,-1.924,147.035,7.0912,-0.1173,127.4937,14.2062,1.0627,148.9692,0.3985,-0.6188,100.3829,3.3486,0.4976
2020-06,160.2615,-21.8889,-3.6377,169.3879,9.9401,0.2242,170.3637,8.0865,-0.444,168.3358,4.4973,-0.6574,2844.8182,-51.0131,-0.845,167.3369,-22.0014,-3.7297,171.0188,18.4958,0.8875,126.9344,-13.9966,-2.9777,153.5766,9.9573,0.2458,131.7175,16.2648,1.2638,151.9262,-0.526,-0.7302,102.976,5.327,0.6736
2020-07,166.0847,-7.8619,-2.0165,175.3876,12.5006,0.5269,176.4069,9.6874,-0.2625,171.7698,4.4652,-0.7197,5331.9565,-10.6094,-0.5778,174.3005,-10.3945,-2.3071,177.4473,20.5333,1.0562,129.4854,-1.6094,-1.0826,156.5114,11.3215,0.4102,136.7142,17.6453,1.3789,155.9881,-0.0345,-0.6793,103.729,6.0427,0.7231
2020-08,166.1745,16.4745,0.6697,172.0469,8.9347,0.0537,178.9428,9.4656,-0.3581,173.1758,3.977,-0.8809,5949.9524,0.996,-0.5102,174.5953,14.0514,0.3767,174.7607,17.8332,0.758,127.864,10.9452,0.8553,158.6592,11.984,0.4838,136.7062,17.3859,1.3077,157.8462,-0.3755,-0.7207,104.9066,12.2766,1.3013
2020-09,166.2151,29.4627,2.0103,173.748,8.6231,-0.006,180.8031,6.447,-0.9223,175.4154,4.8349,-0.7684,5604.3636,-6.3181,-0.5731,174.8852,29.0421,1.9411,176.3107,16.4773,0.5999,127.7099,15.7591,1.5472,159.328,11.3784,0.3608,139.6886,17.6937,1.3109,154.6701,-3.5728,-1.0962,109.6782,16.2416,1.625
2020-10,167.7118,19.6902,0.9229,175.0072,7.6644,-0.153,182.9745,6.276,-1.0023,176.819,6.0236,-0.5685,5217.9091,-5.5047,-0.5776,175.8677,20.7486,1.0128,174.4016,10.9691,0.0285,126.0266,2.9038,-0.4222,158.6225,7.2456,-0.4006,143.3514,18.4399,1.3727,154.4042,-2.3434,-0.9306,105.6309,13.4614,1.3095
2020-11,168.4272,8.2285,-0.3145,176.5327,5.2114,-0.4948,182.4293,4.8729,-1.2875,176.525,4.093,-1.0555,5191.4762,-9.7224,-0.6164,176.4773,8.7975,-0.2663,178.2666,11.4596,0.065,126.416,-4.2315,-1.4604,158.4231,6.7308,-0.5768,144.4564,15.5805,1.0019,162.9456,3.0546,-0.2744,107.7666,11.2442,1.0648
2020-12,168.2958,4.8694,-0.6725,173.7694,1.1468,-1.0423,182.0085,4.0175,-1.4703,178.403,2.5603,-1.4334,5560.2609,-5.4246,-0.5926,176.2048,3.6918,-0.7966,180.087,9.1099,-0.1811,125.6598,-7.0335,-1.7983,154.3451,2.2395,-1.5427,145.2475,16.6637,1.1344,163.2527,4.0725,-0.1462,109.8151,10.6443,0.9786
2021-01,168.7741,4.3861,-0.717,173.5775,1.4676,-1.0002,180.3232,2.7553,-1.6984,178.1896,2.5397,-1.4372,5782.3333,-0.9351,-0.564,175.3847,2.086,-0.9484,179.6821,7.5456,-0.3457,125.7623,-3.8859,-1.3035,152.7828,-0.7785,-2.2156,144.0577,12.2347,0.5178,164.6979,5.5444,0.0432,109.1204,9.5788,0.858
2021-02,167.7806,2.0027,-0.9583,171.5806,-0.0908,-1.1941,179.6938,3.0156,-1.6381,178.9215,4.1223,-1.0804,5895.25,0.3532,-0.5596,176.5488,0.6908,-1.0747,180.6206,4.2758,-0.6786,124.49,-4.3877,-1.3697,150.4009,-2.3812,-2.5256,142.1913,8.8763,0.0084,162.0876,3.4634,-0.1907,113.0101,14.1008,1.2426
2021-03,167.7423,-0.1092,-1.1584,169.7178,-0.9759,-1.2977,177.8722,2.2696,-1.7359,177.3167,2.0179,-1.5667,5973.8261,2.5294,-0.5479,177.5627,0.7182,-1.0514,173.943,-0.7755,-1.171,124.2585,-3.7457,-1.2966,147.9702,-3.0586,-2.5714,145.4278,10.1136,0.158,164.9785,6.2456,0.1686,114.854,12.4918,1.0665
2021-04,167.6818,-1.8017,-1.3024,169.9492,5.0169,-0.5174,176.8194,6.7888,-0.9254,178.2157,8.2362,-0.1131,5328.0455,44.9665,-0.2509,177.494,2.7077,-0.8289,176.8499,7.9343,-0.2936,126.4184,-2.798,-1.1611,148.6591,1.4545,-1.6376,143.3282,10.9908,0.2602,169.5556,12.4122,0.9431,116.3676,18.3362,1.5426
2021-05,166.2294,-2.5091,-1.3342,170.166,6.8729,-0.2823,176.1106,8.0387,-0.6897,179.2471,10.5637,0.4268,4668.2857,111.8372,0.2166,176.0889,2.2972,-0.8557,174.7373,9.3886,-0.1574,127.4045,2.3284,-0.4162,148.8189,1.2132,-1.6588,143.652,12.6739,0.5052,171.3493,15.0234,1.2817,113.4471,13.0144,1.045
2021-06,164.917,-4.2677,-1.4629,167.9623,-0.8416,-1.303,175.4422,2.981,-1.5288,181.255,7.6746,-0.282,4131.2273,45.2194,-0.2684,175.3727,-0.4078,-1.1084,175.8055,2.7989,-0.8248,127.3042,7.256,0.2978,151.4261,-1.4003,-2.1036,144.4947,9.7004,-0.0196,171.0327,12.5762,0.9795,115.0576,11.7324,0.9134
2021-07,164.0882,-6.1865,-1.5955,164.2346,-6.3591,-1.9716,174.7789,-0.9229,-2.0889,181.3217,5.5609,-0.7842,4467.0455,-16.2213,-0.7033,174.9733,-3.8342,-1.4212,181.3491,2.1989,-0.8959,125.9428,5.9771,0.1028,146.8149,-6.1954,-2.7957,142.8152,4.4626,-0.962,171.2608,9.791,0.6682,111.4216,7.4161,0.5301
2021-08,164.0092,-6.7126,-1.5955,158.8139,-7.6915,-2.0602,173.4692,-3.0588,-2.2958,181.8354,5.0004,-0.896,4285.0909,-27.9811,-0.7696,174.968,-4.3199,-1.43,176.8172,1.1768,-1.005,127.2215,2.5494,-0.4052,145.4104,-8.3505,-2.9129,141.4688,3.4838,-1.1513,165.4448,4.814,0.0488,112.7603,7.4864,0.5241
2021-09,164.0613,-5.2419,-1.4191,157.1113,-9.5752,-2.1799,175.2187,-3.0887,-2.1701,180.6252,2.97,-1.3381,4424.0455,-21.0607,-0.7033,175.8581,-2.3655,-1.2099,175.0765,-0.7,-1.1998,124.8391,-3.2383,-1.2332,143.6704,-9.8273,-2.8972,140.0435,0.2541,-1.7043,167.1587,8.0743,0.5172,118.6625,8.1915,0.569
2021-10,163.0308,-3.297,-1.2124,158.9398,-9.181,-2.0327,174.3952,-4.6888,-2.2657,182.0482,2.9574,-1.2952,4358.619,-16.4681,-0.6585,175.2219,-0.2937,-0.9884,175.4763,0.6162,-1.0622,123.0049,-5.742,-1.546,145.6489,-8.1789,-2.4849,144.7314,0.9627,-1.5558,166.3651,7.7465,0.5072,116.0517,9.8653,0.6946
2021-11,163.8177,-1.6966,-1.0418,158.9875,-9.9388,-2.0275,172.8351,-5.2592,-2.2126,183.6896,4.0587,-1.0109,4387.9545,-15.4777,-0.632,175.6669,1.0955,-0.8415,176.608,-0.9304,-1.2097,124.4643,-8.307,-1.822,147.5444,-6.8668,-2.1781,146.0388,1.0954,-1.4938,167.9,3.0405,-0.1242,120.6396,11.9452,0.8506
2021-12,164.066,-1.0074,-0.9568,155.0851,-10.7524,-2.0173,173.5996,-4.6201,-2.0142,186.0527,4.2879,-0.9321,4459.2174,-19.802,-0.641,175.8677,0.7301,-0.8584,173.1739,-3.8387,-1.49,123.9514,-6.786,-1.5466,148.162,-4.006,-1.7139,149.723,3.0813,-1.1196,169.5031,3.8287,0.0011,117.627,7.1136,0.4144
2022-01,164.4573,1.0136,-0.7532,153.9881,-11.2857,-1.987,172.2629,-4.4699,-1.8963,186.1219,4.4516,-0.8727,4615.7619,-20.1748,-0.6223,176.716,1.6854,-0.7466,171.68,-4.4535,-1.5225,125.6963,-1.0129,-0.7345,148.839,-2.5813,-1.4729,155.0196,7.6093,-0.3458,170.7027,3.6459,-0.0239,118.0612,8.1935,0.489
2022-02,164.8993,2.0633,-0.6406,155.3887,-9.4369,-1.7276,171.0789,-4.7942,-1.8468,184.9088,3.3463,-1.088,5222.55,-11.4109,-0.5391,176.9645,2.1443,-0.6816,175.7767,-2.6818,-1.3222,126.6568,4.3632,0.0165,148.2252,-1.4466,-1.2816,158.2064,11.2631,0.2581,177.7499,9.6629,0.8171,120.4205,6.5573,0.3269
2022-03,166.0038,3.6721,-0.4797,159.579,-5.9739,-1.3379,172.3108,-3.1267,-1.5749,186.004,4.8993,-0.7123,5539.2174,-7.2752,-0.4878,178.6694,4.3156,-0.4612,175.7346,1.03,-0.9416,129.7303,11.9874,1.0467,148.3706,0.2706,-1.0301,162.4663,11.7161,0.3286,181.5829,10.0646,0.851,116.5376,1.4659,-0.1263
2022-04,166.76,4.3945,-0.402,163.3538,-3.8808,-1.1049,170.9475,-3.3208,-1.5454,187.256,5.0726,-0.6493,5281.0952,-0.8812,-0.4173,181.5845,6.9654,-0.2037,178.8918,1.1546,-0.918,132.6862,16.982,1.6585,148.9899,0.2225,-1.0164,162.8421,13.6148,0.6415,180.6354,6.5346,0.3396,117.9967,1.4,-0.144
2022-05,168.3765,6.4048,-0.2126,165.9782,-2.461,-0.9445,167.2443,-5.0345,-1.6934,187.9022,4.8286,-0.6794,5731.2727,22.7704,-0.2079,183.4926,11.1639,0.1912,178.0124,1.8743,-0.8434,134.4722,23.742,2.3907,146.4464,-1.5943,-1.2169,162.8207,13.3438,0.5811,183.9613,7.3604,0.4401,116.3559,2.564,-0.0576
2022-06,170.3789,8.4557,-0.0225,168.7523,0.4704,-0.6436,169.8804,-3.1702,-1.4254,191.1933,5.483,-0.5091,5878.6818,42.2987,0.0106,185.9758,14.8112,0.5253,178.74,1.6692,-0.8577,135.0771,22.8256,2.1433,151.4616,0.0234,-0.9775,168.2909,16.4686,1.082,187.6638,9.7239,0.7499,115.3021,0.2125,-0.2868
2022-07,173.7313,12.4576,0.3435,169.2899,3.0781,-0.3759,174.0564,-0.4134,-1.0775,195.3474,7.7353,0.0143,5929.2381,32.7329,-0.0149,189.1959,16.95,0.7075,177.6542,-2.0375,-1.1893,137.3331,19.6051,1.6728,154.9042,5.5098,-0.2585,174.1391,21.9332,1.8979,189.5958,10.7059,0.8596,118.4721,6.3278,0.2398
2022-08,178.581,18.3432,0.8752,171.4603,7.963,0.1101,173.9836,0.2965,-0.9675,198.974,9.4254,0.4047,5371.8261,25.3608,-0.0376,191.5547,18.0071,0.7834,181.9057,2.8778,-0.7078,140.8739,17.5762,1.3869,161.059,10.7617,0.4197,173.9757,22.9782,1.9613,196.4227,18.724,1.9179,119.1415,5.6591,0.1542
2022-09,184.065,26.7488,1.5977,173.9866,10.741,0.3824,175.3307,0.0639,-0.9639,204.0107,12.947,1.1943,5893.5455,33.2162,0.1325,197.0499,20.8757,1.0211,188.4677,7.6487,-0.2511,142.9486,20.1845,1.6409,166.0114,15.5501,1.0329,179.5026,28.1763,2.5741,197.293,18.0274,1.7701,121.2593,2.1884,-0.2008
2022-10,187.5417,32.8351,2.0465,175.4623,10.3955,0.3428,179.1258,2.7126,-0.6425,207.7278,14.106,1.4163,5957.1429,36.675,0.3402,199.3876,22.7108,1.1569,192.4432,9.6691,-0.0613,141.0364,18.8784,1.4566,169.6156,16.4552,1.146,182.8198,26.3166,2.1624,193.1885,16.1232,1.4656,122.219,5.3142,0.0702
2022-11,189.9593,33.2363,1.987,178.5345,12.2947,0.5307,178.2495,3.1327,-0.5735,208.813,13.6771,1.2879,5810.0909,32.41,0.4129,202.5332,24.7753,1.3081,195.3549,10.615,0.0221,142.2457,13.1316,0.797,173.7809,17.7821,1.2908,187.4579,28.3618,2.301,191.4347,14.0171,1.1363,124.2258,2.9727,-0.1939
2022-12,193.2072,28.1667,1.5126,180.6207,16.4655,0.9356,179.3066,3.2874,-0.5329,210.5766,13.1811,1.1496,5943.1818,33.2786,0.5736,205.1221,21.8333,1.0239,199.551,15.2315,0.4508,143.4405,5.3931,-0.0744,173.1339,16.8544,1.1525,192.6412,28.665,2.2047,194.6437,14.8319,1.2341,129.8495,10.3909,0.5346
2023-01,196.045,22.8303,1.0494,184.2251,19.6359,1.2289,179.7024,4.3187,-0.396,212.7117,14.2863,1.3508,5908.4091,28.0051,0.5858,210.1065,21.8422,1.0119,204.3186,19.0113,0.7905,144.9936,5.594,-0.0503,173.714,16.7127,1.1096,200.6102,29.4096,2.1703,193.0667,13.1011,0.9443,131.1263,11.0664,0.5797
2023-02,200.7271,21.8271,0.9426,190.1572,22.3752,1.4542,181.762,6.2445,-0.1608,216.6924,17.1888,1.8793,5931.3,13.571,0.2717,212.9178,20.9543,0.9207,206.9625,17.7417,0.6453,146.0812,8.0045,0.2188,177.7479,19.9175,1.4697,201.2074,27.1803,1.7987,195.3575,9.9058,0.4242,131.0479,8.8252,0.3125
2023-03,203.7864,22.6209,0.9761,194.0745,21.6166,1.3436,180.0967,4.5186,-0.3441,220.6682,18.6363,2.0615,5908.6087,6.6687,0.0884,215.0462,22.0667,0.9977,211.1616,20.1594,0.8491,148.7849,12.8949,0.7544,178.9343,20.5996,1.511,203.2863,25.1253,1.4856,191.541,5.484,-0.3127,131.8126,13.1074,0.7732
2023-04,205.0206,22.6431,0.9465,196.5198,20.3031,1.1914,182.962,7.0282,-0.0413,222.4914,18.8167,1.9877,5877.25,11.2885,0.2958,218.9025,20.2194,0.813,218.3301,22.0459,0.9978,147.8421,11.6483,0.5945,177.0297,18.82,1.2691,208.6981,28.1598,1.7781,193.899,7.3428,-0.0383,134.6246,14.0919,0.892
2023-05,206.4096,18.2401,0.5726,196.5502,18.4193,0.9922,183.2451,9.5674,0.2705,225.3106,19.9084,2.0792,5377.0,-6.1814,-0.377,219.6197,17.198,0.5298,225.3991,26.6199,1.386,148.6798,10.3106,0.424,177.5933,21.2685,1.5119,208.9133,28.3088,1.7227,193.6215,5.2512,-0.4101,136.4035,17.2296,1.3066
2023-06,206.45,12.0458,0.063,192.6586,14.1665,0.5857,183.6095,8.0816,0.1034,223.7041,17.0042,1.4733,4744.5455,-19.2924,-0.879,218.6007,12.4894,0.1047,223.2858,24.9221,1.183,145.7546,2.216,-0.5021,174.9286,15.4937,0.8268,211.0452,25.405,1.3332,190.6378,1.5847,-1.0482,129.2236,12.0739,0.5888
2023-07,204.1496,4.9964,-0.5075,191.4481,13.0889,0.4708,182.2772,4.7231,-0.2773,222.9582,14.1342,0.9117,4412.8095,-25.5754,-1.1054,217.7023,5.7187,-0.4949,218.3391,22.9012,0.96,142.2706,-5.3147,-1.3325,174.291,12.5154,0.4765,210.7935,21.0489,0.7846,188.5869,-0.5321,-1.4058,128.8501,8.7599,0.0482
2023-08,201.9708,-1.7095,-1.0328,191.1845,11.5036,0.31,177.2097,1.8543,-0.5988,224.91,13.0349,0.6843,3855.1304,-28.2343,-1.1799,216.3773,-0.5424,-1.0336,221.8448,21.9559,0.8455,140.0435,-14.6081,-2.2473,176.2266,9.4174,0.1184,205.0262,17.8477,0.3747,187.2368,-4.6766,-2.0448,129.9507,9.0726,0.0496
2023-09,199.6957,-7.5842,-1.4595,187.0862,7.5291,-0.0679,175.5501,0.1252,-0.7809,224.5307,10.0583,0.1197,3853.5238,-34.6145,-1.3888,213.7257,-5.5522,-1.4387,222.3369,17.9708,0.4545,138.0308,-18.4079,-2.4789,172.6802,4.0171,-0.5052,202.7554,12.954,-0.2396,189.7319,-3.8324,-1.858,137.963,13.7752,0.8858
2023-10,197.4711,-11.0921,-1.6685,188.0251,7.1598,-0.1095,171.7135,-4.138,-1.2397,225.2382,8.4295,-0.1942,3711.2727,-37.7005,-1.4578,211.5641,-8.4141,-1.6305,223.3369,16.0535,0.2599,135.7942,-19.3328,-2.4047,170.4129,0.47,-0.8958,204.7833,12.0138,-0.3721,189.8983,-1.7031,-1.4808,135.5321,10.8929,0.3096
2023-11,195.2581,-12.5199,-1.7028,185.3092,3.7947,-0.429,170.2182,-4.5057,-1.2431,220.002,5.3584,-0.7676,2762.4545,-52.4542,-1.9124,209.309,-10.6293,-1.7429,222.4535,13.8715,0.0406,133.7892,-17.7865,-2.1272,170.0091,-2.1705,-1.1633,202.4011,7.9715,-0.8861,188.521,-1.522,-1.4274,134.1933,8.0237,-0.2885
2023-12,192.8112,-12.7302,-1.646,184.2552,2.0122,-0.5928,167.3103,-6.6904,-1.4386,215.361,2.2721,-1.3094,2457.2381,-58.6545,-2.0234,208.1218,-11.1187,-1.7052,219.2288,9.8611,-0.3422,133.43,-15.5005,-1.8252,168.5571,-2.6435,-1.1765,197.077,2.3026,-1.5834,188.4085,-3.2034,-1.6423,129.9604,0.0854,-1.8391
2024-01,191.0077,-12.7353,-1.5789,181.8757,-1.2753,-0.8828,165.5214,-7.8914,-1.5115,212.5517,-0.0752,-1.6735,2814.7826,-52.3597,-1.7262,207.233,-10.1855,-1.564,219.7908,7.5726,-0.5566,133.1497,-12.4227,-1.488,167.6874,-3.4693,-1.2261,195.0942,-2.7496,-2.137,190.8687,-1.1385,-1.2843,129.4021,-1.3149,-2.0821
2024-02,189.1983,-12.474,-1.4991,177.9234,-6.4335,-1.3193,164.2613,-9.6283,-1.6323,213.6812,-1.3896,-1.8196,2619.8095,-55.8308,-1.7625,206.8959,-7.5591,-1.3085,221.3337,6.9439,-0.6021,132.4995,-8.1162,-1.0708,165.2436,-7.0349,-1.5608,195.1759,-2.9976,-2.0862,192.1378,-1.6481,-1.3361,123.5454,-5.725,-2.7307
2024-03,187.6035,-11.5733,-1.3825,181.4897,-6.4845,-1.2795,164.8977,-8.4393,-1.4497,216.2953,-1.9817,-1.833,2683.2381,-54.5876,-1.6484,205.9544,-5.5479,-1.1138,223.5235,5.8542,-0.6844,132.1826,-5.0445,-0.7736,164.0371,-8.3255,-1.6311,196.6272,-3.2758,-2.0513,198.0169,3.381,-0.5637,120.862,-8.3077,-2.913
2024-04,187.9591,-9.5281,-1.1971,178.3982,-9.2212,-1.4685,165.769,-9.397,-1.4996,214.9002,-3.4119,-1.9744,2754.6818,-53.1297,-1.5372,206.3163,-3.4739,-0.9223,219.5459,0.5569,-1.1439,130.9672,-4.6325,-0.7108,159.3538,-9.9847,-1.7297,197.8283,-5.2084,-2.1654,195.478,0.8144,-0.9366,120.5716,-10.4387,-3.0033
2024-05,187.6209,-6.6898,-0.9672,179.8671,-8.488,-1.3524,163.7523,-10.6376,-1.5719,212.8647,-5.5239,-2.1947,2711.6087,-49.5702,-1.3791,205.694,-2.7267,-0.8356,221.7887,-1.6018,-1.2979,129.449,-6.3389,-0.8342,158.7496,-10.6106,-1.7169,199.657,-4.4307,-1.9865,198.3974,2.4666,-0.6702,116.0505,-14.9212,-3.3342
2024-06,187.748,-3.1199,-0.6942,178.5184,-7.3395,-1.2097,163.6596,-10.8654,-1.546,211.1058,-5.6317,-2.0917,3193.0,-32.7017,-0.8291,206.897,-0.7564,-0.6574,220.5384,-1.2304,-1.2203,127.6293,-9.4824,-1.079,160.9988,-7.9631,-1.3896,197.0165,-6.6472,-2.1099,199.0816,4.4293,-0.358,115.3332,-10.7491,-2.5476
2024-07,187.2044,-1.5405,-0.561,179.5305,-6.225,-1.0775,166.4338,-8.6919,-1.2807,210.0894,-5.7719,-2.0142,3363.0435,-23.7891,-0.5336,207.9717,0.905,-0.5047,220.0566,0.7866,-1.0015,127.2954,-10.9214,-1.1741,159.4206,-8.5319,-1.3947,196.1366,-6.9532,-2.0306,197.3927,4.6694,-0.2986,113.5718,-11.8575,-2.5767
2024-08,188.1171,-0.0809,-0.4378,178.6536,-6.5544,-1.0745,168.0072,-5.193,-0.8815,212.167,-5.6658,-1.9119,3070.6818,-20.3482,-0.4138,208.6955,3.674,-0.2659,222.2321,0.1746,-1.0232,126.3728,-11.0265,-1.1499,159.8568,-9.2891,-1.4172,195.0789,-4.8517,-1.744,200.2959,6.9747,0.0795,117.3878,-9.6674,-2.1444
2024-09,189.9908,1.4165,-0.3119,178.8754,-4.3888,-0.8548,167.7535,-4.4413,-0.783,212.8579,-5.1987,-1.7667,3035.7143,-21.2224,-0.4252,211.467,6.0981,-0.0512,222.7579,0.1893,-0.9893,126.5163,-7.8602,-0.854,162.0883,-6.1338,-1.0657,195.1628,-3.7447,-1.5742,204.2388,7.646,0.219,122.3689,-11.3031,-2.22
2024-10,190.432,4.3103,-0.0862,181.9267,-3.2434,-0.7266,168.4875,-1.8787,-0.4538,217.6609,-3.3641,-1.4415,2835.4783,-23.5982,-0.4876,211.3046,7.2162,0.064,230.9902,3.4268,-0.6639,127.8368,-3.7425,-0.4806,165.2421,-3.0343,-0.727,197.7938,-3.4131,-1.4871,208.7633,9.9343,0.6189,129.1168,-4.7334,-1.3341
2024-11,192.3975,7.1088,0.1383,187.2098,1.0256,-0.298,168.7958,-0.8356,-0.2895,220.2825,0.1275,-0.8962,2947.8571,6.7115,0.4487,211.6534,7.1511,0.0853,234.146,5.2562,-0.4649,128.9372,2.1068,0.0432,168.3047,-1.0025,-0.4956,203.0615,0.3263,-1.1036,211.5018,12.19,1.011,129.9381,-3.171,-1.1034
2024-12,193.3046,7.8799,0.221,186.3064,1.1133,-0.2595,171.2276,2.3413,0.2054,220.1278,2.2134,-0.5598,3544.3182,44.2399,1.5559,212.1109,4.4897,-0.1106,236.3457,7.8078,-0.1828,130.9176,8.1353,0.5953,167.5344,-0.6067,-0.4315,203.6626,3.3417,-0.8011,209.0929,10.9785,0.8345,132.4473,1.9136,-0.4595
2025-01,195.0841,8.8984,0.3241,187.6076,3.1515,-0.0233,172.3686,4.1368,0.549,222.0237,4.4563,-0.196,3724.2174,32.3092,1.1633,213.604,3.7907,-0.1434,237.5557,8.0827,-0.1181,130.4098,10.4046,0.8098,167.8661,0.1066,-0.3331,208.4084,6.8245,-0.4612,210.7911,10.4378,0.75,140.6333,8.6793,0.3871
2025-02,196.7844,8.909,0.3462,191.2594,7.4954,0.4655,174.2921,6.1066,0.9345,223.3717,4.5351,-0.1664,4677.7,78.5511,2.3852,214.1899,3.4999,-0.1437,240.4686,8.6453,-0.0163,128.5358,7.0381,0.524,172.4372,4.3533,0.1421,213.5826,9.4308,-0.2033,213.4355,11.0846,0.8789,138.9249,12.4485,0.8457
2025-03,198.7263,10.4241,0.4748,191.3463,5.431,0.273,179.4272,8.8112,1.4408,226.5895,4.7593,-0.1179,4975.2381,85.4192,2.4098,214.7922,4.8194,-0.0068,241.8897,8.2167,-0.0233,127.942,-0.8269,-0.166,172.8592,5.3781,0.2731,211.6616,7.6462,-0.3469,220.9958,11.6045,0.9594,145.2736,20.1978,1.7601
2025-04,200.7468,11.0888,0.5131,193.978,8.7332,0.6375,177.8329,7.2775,1.1798,229.6117,6.8458,0.1975,5462.4091,98.2955,2.5578,214.0528,3.6039,-0.1188,245.1294,11.6529,0.4125,130.6649,-3.1616,-0.3678,174.3054,9.3827,0.7066,210.4358,6.3729,-0.4497,222.4164,13.7808,1.2897,142.3944,18.0994,1.4491
2025-05,201.3577,11.1403,0.4924,192.9065,7.2494,0.4724,176.6935,7.903,1.2666,229.8889,7.9977,0.361,5899.0455,117.5478,2.8191,215.1884,2.6059,-0.2409,248.943,12.2433,0.4901,131.7892,0.5478,-0.0413,173.3672,9.208,0.6822,212.092,6.2282,-0.4504,223.8227,12.8154,1.0898,146.426,26.1743,2.2645
2025-06,203.0939,10.2637,0.3961,194.8313,9.138,0.6818,174.1132,6.3874,1.019,232.4951,10.132,0.6783,5626.9048,76.2263,1.7415,215.124,1.1121,-0.4409,252.4123,14.4528,0.7759,131.4548,7.4592,0.5653,172.6174,7.2166,0.4714,208.7416,5.9513,-0.4603,230.7472,15.9058,1.5484,141.0349,22.2847,1.7404
2025-07,202.5642,7.415,0.1435,195.8615,9.0965,0.6872,171.4038,2.9862,0.4648,233.9971,11.3798,0.85,5255.8261,56.2818,1.2215,217.6872,3.1243,-0.2699,248.255,12.8142,0.5995,132.9443,9.6786,0.7503,167.0301,4.7732,0.2176,215.2564,9.7482,-0.0919,231.3996,17.2281,1.6954,139.7614,23.06,1.7474
2025-08,201.439,4.2375,-0.1031,198.2974,10.9955,0.8904,172.6134,2.7417,0.4509,233.7705,10.1823,0.6463,4776.7619,55.5603,1.1689,218.259,4.4426,-0.1212,246.5635,10.9487,0.3837,132.1544,6.4597,0.4624,165.8075,3.7225,0.1181,209.611,7.4493,-0.2936,229.6825,14.6716,1.2338,139.0821,18.4809,1.2273
2025-09,200.7298,-0.3072,-0.4553,198.0902,10.742,0.8561,172.3572,2.7443,0.4665,233.674,9.7793,0.5697,4388.1364,44.5504,0.8857,216.0046,4.7927,-0.0469,245.31,10.1241,0.2949,133.5276,4.8771,0.3373,161.0652,-0.6312,-0.3459,205.718,5.4084,-0.468,230.6152,12.9145,0.919,138.0331,12.8008,0.6274
2025-10,198.9437,-3.8337,-0.7321,194.3312,6.8184,0.4274,174.5216,3.5814,0.6299,234.5897,7.7776,0.256,4142.8696,46.1083,0.8963,216.6144,1.7886,-0.3424,240.0796,3.935,-0.4857,132.4909,2.0188,0.07,158.6867,-3.9672,-0.6972,208.1777,5.2499,-0.4637,233.6364,11.9145,0.7256,131.2654,1.664,-0.5528
2025-11,198.0983,-6.0041,-0.8947,195.3574,4.3521,0.1581,170.7216,1.1409,0.1997,233.7771,6.126,-0.004,4075.8,38.2631,0.6943,216.3283,-1.298,-0.6605,240.5151,2.7201,-0.6223,131.655,1.1346,-0.0216,156.6741,-6.9104,-0.9942,206.1648,1.5283,-0.7922,234.346,10.8009,0.5155,131.6361,1.3068,-0.573
2025-12,198.6786,-5.8293,-0.8587,192.7195,3.4423,0.054,169.2303,-1.1665,-0.2064,232.6501,5.6887,-0.0798,4129.5652,16.5123,0.1841,217.6211,-0.8483,-0.6013,239.9635,1.5307,-0.7553,132.372,-2.0989,-0.3356,159.0875,-5.0419,-0.7693,208.9783,2.61,-0.6675,227.6794,8.8891,0.1755,130.7762,-1.2617,-0.8251
2026-01,199.9074,-2.9143,-0.5961,194.7766,3.8213,0.0913,171.9752,-0.2283,-0.0254,235.8779,6.24,-0.004,4806.2727,29.0546,0.4614,216.9496,0.0129,-0.5029,240.5698,1.2688,-0.7714,131.0869,-3.0377,-0.4261,160.7671,-4.229,-0.6711,206.7796,-0.7816,-0.9606,226.6084,7.5038,-0.0677,135.7553,-3.4686,-1.0303
2026-02,198.958,-0.1524,-0.3563,198.5477,3.8107,0.0831,173.9867,-0.1752,-0.0059,236.4302,5.8461,-0.0697,5664.1,21.0873,0.2697,218.6655,2.67,-0.2178,242.0809,0.6705,-0.8358,130.9303,-3.2629,-0.4497,161.7547,-6.195,-0.8764,210.8711,-1.2695,-0.9823,231.1808,8.3142,0.0578,137.8734,-0.7569,-0.7162
2026-03,199.4788,1.7733,-0.1945,200.1034,4.5766,0.1574,175.6872,-2.0844,-0.3444,235.634,3.9916,-0.364,5182.5,4.1659,-0.1209,220.2077,3.273,-0.157,240.2725,-0.6686,-1.0057,133.2021,-1.3037,-0.2681,161.0132,-6.853,-0.9367,209.7986,-0.8802,-0.9222,228.5848,3.434,-0.7728,130.6222,-10.0854,-1.6393
2026-04,200.5155,1.5291,-0.2205,198.5134,2.3381,-0.0843,177.0746,-0.4265,-0.0169,236.691,3.0831,-0.4915,4214.1818,-22.8512,-0.7185,219.6426,4.7636,0.0018,244.7836,-0.1411,-0.9153,133.5117,2.5861,0.0929,158.4288,-9.1085,-1.15,212.5745,1.0163,-0.7284,232.3121,4.4492,-0.5769,131.0725,-7.9511,-1.369
2026-05,200.8291,2.2134,-0.169,200.8785,4.1326,0.1187,176.8185,0.0707,0.1031,233.5006,1.571,-0.7032,4029.2381,-31.6968,-0.907,218.3616,3.0818,-0.1831,247.4171,-0.613,-0.9469,131.8587,4.3108,0.2536,159.034,-8.2675,-1.0328,216.1346,1.906,-0.6285,233.1242,4.1557,-0.6024,134.5053,-8.1411,-1.3388
2026-06,199.4863,1.6728,-0.2249,200.2254,2.7686,-0.0386,176.0434,1.1086,0.3082,233.0163,0.2242,-0.8878,4147.5455,-26.2908,-0.75,216.9795,-0.5108,-0.5749,244.1505,-3.2731,-1.2518,130.9557,1.1249,-0.0396,156.9254,-9.0906,-1.0963,211.2731,1.2128,-0.6765,229.5734,-0.5087,-1.3626,134.0165,-4.9764,-0.9785
2026-07,197.2063,-0.9519,-0.4614,195.5603,-0.1538,-0.3762,174.8699,2.0222,0.473,229.0688,-2.1062,-1.2126,3559.7391,-32.2706,-0.8842,215.6362,-4.501,-1.0079,243.3183,-1.9886,-1.077,130.0194,-4.7517,-0.5817,155.6668,-6.8031,-0.8526,208.0474,-3.349,-1.0723,232.266,0.3744,-1.171,131.3508,-6.0178,-1.0534
2026-08,194.9198,-5.9927,-0.9007,,,,,,,,,,3644.3333,-23.707,-0.6805,216.3923,-5.477,-1.1097,243.0718,-1.4161,-0.9971,128.1267,-9.1712,-0.9756,,,,,,,,,,,,
2026-09,193.3913,-9.8117,-1.2173,,,,,,,,,,3631.7273,-17.2376,-0.5264,,,,,,,,,,,,,,,,,,,,,
