customer_id,customer_name,credit_limit,payment_terms_days,industry
C0001,Umber Trading,43000,60,Hospitality
C0002,Juniper Services,43000,45,Logistics
C0003,Zephyr Partners,50000,60,Hospitality
C0004,Delta Group,56000,60,Retail
C0005,Ember Services,44000,45,Construction
C0006,Atlas Trading,56000,45,Construction
C0007,Redwood Services,31000,30,Construction
C0008,Glacier Ltd,32000,30,Construction
C0009,Lumen Services,38000,30,Construction
C0010,Summit Partners,48000,60,Education
C0011,Birch Partners,35000,30,Manufacturing
C0012,Quarry Group,65000,60,Manufacturing
C0013,Granite Group,60000,45,Hospitality
C0014,Horizon Group,57000,45,Education
C0015,Cobalt Services,9000,30,Healthcare
C0016,Northgate Group,21000,45,Construction
C0017,Jade Trading,27000,60,Manufacturing
C0018,Vantage Services,17000,30,Construction
C0019,Harbor Ltd,19000,30,Manufacturing
C0020,Everest Ltd,16000,30,Healthcare
C0021,Tidewater Holdings,19000,60,Construction
C0022,Apex Trading,18000,30,Retail
C0023,Pinnacle Group,28000,30,Healthcare
C0024,Ironbark Ltd,40000,60,Education
C0025,Willow Group,29000,30,Retail
C0026,Cedar Partners,28000,45,Hospitality
C0027,Meridian Ltd,9000,30,Retail
C0028,Orchid Services,11000,45,Manufacturing
C0029,Xenon Partners,15000,60,Hospitality
C0030,Iris Ltd,402000,60,Retail
C0031,Beacon Holdings,513000,60,Hospitality
C0032,Dune Services,0,30,Healthcare
C0033,Fjord Partners,0,45,Education
C0034,Keystone Holdings,0,30,Construction
C0035,Yardley Partners,10000,30,Healthcare
C0036,Falcon Ltd,17000,60,Education
