invoice_id,customer_id,invoice_date,due_date,amount,amount_paid,paid_date,disputed
INV100402,C0010,2025-06-30,2025-08-29,5751.59,5751.59,2025-08-30,
INV101309,C0035,2025-06-30,2025-07-30,6259.67,6259.67,2025-08-11,
INV100352,C0009,2025-07-01,2025-07-31,8364.37,8364.37,2025-07-27,
INV101095,C0030,2025-07-01,2025-08-30,32813.41,32813.41,2025-09-03,
INV101199,C0031,2025-07-01,2025-08-30,27210.03,27210.03,2025-09-08,
INV100263,C0007,2025-07-02,2025-08-01,4798.06,4798.06,2025-08-01,
INV100400,C0010,2025-07-02,2025-08-31,5002.66,5002.66,2025-08-26,
INV100843,C0022,2025-07-02,2025-08-01,4629.27,4629.27,2025-09-08,
INV101068,C0029,2025-07-02,2025-08-31,5773.40,5773.40,2025-11-18,
INV101201,C0031,2025-07-02,2025-08-31,33751.05,33751.05,2025-09-02,
INV100002,C0001,2025-07-03,2025-09-01,7816.00,7816.00,2025-08-30,
INV100307,C0008,2025-07-03,2025-08-02,8374.57,8374.57,2025-08-02,
INV100497,C0012,2025-07-03,2025-09-01,4244.27,4244.27,2025-09-02,
INV100873,C0023,2025-07-03,2025-08-02,7515.75,7515.75,2025-08-05,
INV101204,C0031,2025-07-03,2025-09-01,22298.94,22298.94,2025-09-02,
INV100222,C0006,2025-07-04,2025-08-18,8867.53,8867.53,2025-08-21,
INV100592,C0014,2025-07-05,2025-08-19,7866.43,7866.43,2025-08-14,
INV100665,C0016,2025-07-05,2025-08-19,3045.24,3045.24,2025-09-22,
INV100944,C0025,2025-07-05,2025-08-04,7342.95,7342.95,2025-08-09,
INV100981,C0026,2025-07-06,2025-08-20,9249.87,9249.87,2025-08-22,
INV100983,C0026,2025-07-06,2025-08-20,4692.15,4692.15,2025-08-20,
INV101092,C0030,2025-07-06,2025-09-04,18207.51,18207.51,2025-09-08,
INV101200,C0031,2025-07-06,2025-09-04,32223.98,32223.98,2025-09-07,
INV100135,C0004,2025-07-07,2025-09-05,5427.05,5427.05,2025-09-02,
INV100787,C0020,2025-07-07,2025-08-06,8179.06,8179.06,2025-09-08,
INV101020,C0027,2025-07-07,2025-08-06,5385.21,5385.21,2025-10-16,
INV100221,C0006,2025-07-08,2025-08-22,7742.81,7742.81,2025-08-22,
INV100046,C0002,2025-07-09,2025-08-23,2858.85,2858.85,2025-08-19,
INV100726,C0018,2025-07-09,2025-08-08,1926.81,1926.81,2025-08-23,
INV100220,C0006,2025-07-10,2025-08-24,9521.11,9521.11,2025-08-26,
INV100591,C0014,2025-07-10,2025-08-24,4630.45,4630.45,2025-08-25,
INV100875,C0023,2025-07-10,2025-08-09,3058.11,3058.11,2025-08-09,
INV101337,C0036,2025-07-10,2025-09-08,6957.34,0.00,,Y
INV100350,C0009,2025-07-11,2025-08-10,2917.13,2917.13,2025-08-12,
INV100449,C0011,2025-07-11,2025-08-10,2951.48,2951.48,2025-08-11,
INV100910,C0024,2025-07-11,2025-09-09,6709.85,6709.85,2025-09-13,
INV100136,C0004,2025-07-12,2025-09-10,11894.38,11894.38,2025-09-05,
INV100589,C0014,2025-07-12,2025-08-26,8017.82,8017.82,2025-08-24,
INV100844,C0022,2025-07-12,2025-08-11,8985.82,8985.82,2025-09-14,
INV100264,C0007,2025-07-13,2025-08-12,11555.15,11555.15,2025-08-08,
INV100541,C0013,2025-07-13,2025-08-27,4515.72,4515.72,2025-08-22,
INV101096,C0030,2025-07-13,2025-09-11,25774.18,25774.18,2025-09-20,
INV101203,C0031,2025-07-13,2025-09-11,24831.69,24831.69,2025-09-19,
INV100499,C0012,2025-07-14,2025-09-12,4120.13,4120.13,2025-09-09,
INV100911,C0024,2025-07-14,2025-09-12,5774.40,5774.40,2025-09-12,
INV100048,C0002,2025-07-15,2025-08-29,10288.55,10288.55,2025-08-26,
INV100175,C0005,2025-07-15,2025-08-29,4687.73,4687.73,2025-08-25,
INV100759,C0019,2025-07-15,2025-08-14,4512.31,4512.31,2025-09-22,
INV100874,C0023,2025-07-15,2025-08-14,4328.66,4328.66,2025-08-18,
INV100134,C0004,2025-07-16,2025-09-14,5077.83,5077.83,2025-09-12,
INV100305,C0008,2025-07-16,2025-08-15,10661.27,10661.27,2025-08-17,
INV100351,C0009,2025-07-16,2025-08-15,7101.61,7101.61,2025-08-10,
INV100498,C0012,2025-07-16,2025-09-14,11715.01,11715.01,2025-09-15,
INV101045,C0028,2025-07-16,2025-08-30,4570.85,4570.85,2025-10-25,
INV100095,C0003,2025-07-17,2025-09-15,10073.62,10073.62,2025-09-18,
INV100815,C0021,2025-07-17,2025-09-15,7888.93,7888.93,2025-10-23,
INV100909,C0024,2025-07-17,2025-09-15,7065.38,7065.38,2025-09-18,
INV101336,C0036,2025-07-17,2025-09-15,3776.91,3776.91,2025-09-25,
INV100001,C0001,2025-07-18,2025-09-16,5084.82,5084.82,2025-09-13,
INV100306,C0008,2025-07-19,2025-08-18,4599.48,4599.48,2025-08-13,
INV100640,C0015,2025-07-19,2025-08-18,8000.64,8000.64,2025-09-25,
INV100760,C0019,2025-07-19,2025-08-18,8243.65,8243.65,2025-09-20,
INV100786,C0020,2025-07-19,2025-08-18,4392.42,4392.42,2025-09-03,
INV101093,C0030,2025-07-19,2025-09-17,34526.39,34526.39,2025-09-17,
INV100694,C0017,2025-07-20,2025-09-18,4415.59,4415.59,2025-10-16,
INV100666,C0016,2025-07-21,2025-09-04,6808.18,6808.18,2025-10-14,
INV100945,C0025,2025-07-21,2025-08-20,7199.76,7199.76,2025-08-23,
INV101069,C0029,2025-07-21,2025-09-19,3339.58,3339.58,2025-12-12,
INV101308,C0035,2025-07-21,2025-08-20,2329.75,0.00,,Y
INV100094,C0003,2025-07-22,2025-09-20,4771.86,4771.86,2025-09-23,
INV100176,C0005,2025-07-22,2025-09-05,4176.93,4176.93,2025-09-07,
INV101094,C0030,2025-07-22,2025-09-20,26063.25,26063.25,2025-09-25,
INV100047,C0002,2025-07-23,2025-09-06,5426.36,5426.36,2025-09-05,
INV100401,C0010,2025-07-23,2025-09-21,9829.74,9829.74,2025-09-24,
INV100693,C0017,2025-07-23,2025-09-21,4474.59,4474.59,2025-10-06,
INV100447,C0011,2025-07-25,2025-08-24,11911.15,11911.15,2025-08-27,
INV100448,C0011,2025-07-25,2025-08-24,3045.58,3045.58,2025-08-24,
INV100590,C0014,2025-07-25,2025-09-08,6512.69,6512.69,2025-09-03,
INV101097,C0030,2025-07-25,2025-09-23,21419.79,21419.79,2025-09-26,
INV100542,C0013,2025-07-26,2025-09-09,4891.48,4891.48,2025-09-09,
INV100543,C0013,2025-07-26,2025-09-09,6937.30,6937.30,2025-09-09,
INV100845,C0022,2025-07-26,2025-08-25,3156.00,3156.00,2025-09-25,
INV101202,C0031,2025-07-26,2025-09-24,21604.35,21604.35,2025-09-24,
INV100982,C0026,2025-07-27,2025-09-10,6513.41,6513.41,2025-09-10,
INV100049,C0002,2025-07-30,2025-09-13,4052.15,4052.15,2025-09-16,
INV100051,C0002,2025-07-30,2025-09-13,9581.43,9581.43,2025-09-12,
INV100137,C0004,2025-07-30,2025-09-28,2707.23,2707.23,2025-09-27,
INV100356,C0009,2025-07-30,2025-08-29,10570.70,10570.70,2025-08-25,
INV100816,C0021,2025-07-30,2025-09-28,6431.41,6431.41,2025-10-31,
INV101022,C0027,2025-07-30,2025-08-29,3511.57,3511.57,2025-10-29,
INV100308,C0008,2025-07-31,2025-08-30,5687.09,5687.09,2025-08-27,
INV100309,C0008,2025-07-31,2025-08-30,4039.76,4039.76,2025-08-29,
INV101209,C0031,2025-07-31,2025-09-29,20372.49,20372.49,2025-10-01,
INV100224,C0006,2025-08-01,2025-09-15,4710.21,4710.21,2025-09-13,
INV100267,C0007,2025-08-01,2025-08-31,2492.57,2492.57,2025-09-02,
INV100354,C0009,2025-08-01,2025-08-31,2542.65,2542.65,2025-09-03,
INV100450,C0011,2025-08-01,2025-08-31,6221.30,6221.30,2025-08-26,
INV101208,C0031,2025-08-01,2025-09-30,29979.45,29979.45,2025-10-01,
INV100003,C0001,2025-08-02,2025-10-01,7477.44,7477.44,2025-09-27,
INV100406,C0010,2025-08-02,2025-10-01,5355.16,5355.16,2025-09-30,
INV100547,C0013,2025-08-03,2025-09-17,7864.51,7864.51,2025-09-13,
INV100817,C0021,2025-08-03,2025-10-02,3830.92,3830.92,2025-10-29,
INV100404,C0010,2025-08-04,2025-10-03,4259.48,4259.48,2025-09-29,
INV100453,C0011,2025-08-04,2025-09-03,5793.05,5793.05,2025-09-01,
INV100762,C0019,2025-08-04,2025-09-03,4220.38,4220.38,2025-09-29,
INV100912,C0024,2025-08-04,2025-10-03,9779.71,9779.71,2025-10-04,
INV101338,C0036,2025-08-04,2025-10-03,5456.60,5456.60,2025-10-21,
INV100268,C0007,2025-08-05,2025-09-04,5727.14,5727.14,2025-09-06,
INV100545,C0013,2025-08-05,2025-09-19,8545.59,8545.59,2025-09-15,
INV101099,C0030,2025-08-05,2025-10-04,39442.22,39442.22,2025-10-13,
INV101310,C0035,2025-08-05,2025-09-04,4868.61,4868.61,2025-09-17,
INV100878,C0023,2025-08-06,2025-09-05,3547.01,3547.01,2025-09-10,
INV100947,C0025,2025-08-06,2025-09-05,9111.14,9111.14,2025-09-09,
INV101206,C0031,2025-08-06,2025-10-05,29882.35,29882.35,2025-10-13,
INV100405,C0010,2025-08-07,2025-10-06,4322.97,4322.97,2025-10-01,
INV100544,C0013,2025-08-07,2025-09-21,10729.65,10729.65,2025-09-21,
INV100594,C0014,2025-08-07,2025-09-21,11753.70,11753.70,2025-09-24,
INV101070,C0029,2025-08-07,2025-10-06,7452.48,7452.48,2025-12-20,
INV100353,C0009,2025-08-09,2025-09-08,9776.36,9776.36,2025-09-11,
INV100546,C0013,2025-08-09,2025-09-23,3923.09,3923.09,2025-09-22,
INV101101,C0030,2025-08-09,2025-10-08,36504.47,36504.47,2025-10-09,
INV100050,C0002,2025-08-10,2025-09-24,3466.03,3466.03,2025-09-27,
INV100451,C0011,2025-08-10,2025-09-09,4061.17,4061.17,2025-09-08,
INV100846,C0022,2025-08-10,2025-09-09,8597.71,8597.71,2025-10-07,
INV101100,C0030,2025-08-10,2025-10-09,16583.91,16583.91,2025-10-12,
INV100225,C0006,2025-08-11,2025-09-25,5997.57,5997.57,2025-09-27,
INV100355,C0009,2025-08-11,2025-09-10,8527.46,8527.46,2025-09-07,
INV100696,C0017,2025-08-11,2025-10-10,8778.69,8778.69,2025-10-26,
INV100138,C0004,2025-08-12,2025-10-11,3632.47,3632.47,2025-10-07,
INV100226,C0006,2025-08-12,2025-09-26,11539.44,11539.44,2025-09-21,
INV100452,C0011,2025-08-12,2025-09-11,11012.16,11012.16,2025-09-14,
INV100178,C0005,2025-08-13,2025-09-27,6663.39,6663.39,2025-09-23,
INV100403,C0010,2025-08-13,2025-10-12,2804.79,2804.79,2025-10-14,
INV100788,C0020,2025-08-13,2025-09-12,1909.38,1909.38,2025-10-04,
INV100005,C0001,2025-08-14,2025-10-13,8804.00,8804.00,2025-10-14,
INV100501,C0012,2025-08-14,2025-10-13,8421.99,8421.99,2025-10-11,
INV101103,C0030,2025-08-15,2025-10-14,25367.80,25367.80,2025-10-24,
INV100097,C0003,2025-08-16,2025-10-15,10927.55,10927.55,2025-10-13,
INV100179,C0005,2025-08-16,2025-09-30,3992.50,3992.50,2025-09-26,
INV100727,C0018,2025-08-16,2025-09-15,2000.99,2000.99,2025-10-11,
INV100913,C0024,2025-08-16,2025-10-15,8248.92,8248.92,2025-10-16,
INV100004,C0001,2025-08-17,2025-10-16,2596.01,2596.01,2025-10-14,
INV100667,C0016,2025-08-17,2025-10-01,3810.33,3810.33,2025-10-16,
INV100984,C0026,2025-08-18,2025-10-02,3340.21,3340.21,2025-10-02,
INV100052,C0002,2025-08-19,2025-10-03,10633.25,10633.25,2025-10-02,
INV100876,C0023,2025-08-19,2025-09-18,7293.49,7293.49,2025-09-23,
INV100877,C0023,2025-08-19,2025-09-18,7895.54,7895.54,2025-09-23,
INV100595,C0014,2025-08-20,2025-10-04,9770.45,9770.45,2025-10-06,
INV101021,C0027,2025-08-20,2025-09-19,5762.74,5762.74,2025-11-17,
INV101046,C0028,2025-08-20,2025-10-04,5242.63,5242.63,2025-12-28,
INV101205,C0031,2025-08-20,2025-10-19,29462.93,29462.93,2025-10-22,
INV101311,C0035,2025-08-20,2025-09-19,5942.37,0.00,,Y
INV100096,C0003,2025-08-21,2025-10-20,7232.10,7232.10,2025-10-19,
INV100177,C0005,2025-08-21,2025-10-05,7165.36,7165.36,2025-10-07,
INV100761,C0019,2025-08-21,2025-09-20,5476.04,5476.04,2025-10-07,
INV100946,C0025,2025-08-21,2025-09-20,8915.78,8915.78,2025-09-23,
INV101207,C0031,2025-08-21,2025-10-20,35478.61,35478.61,2025-10-23,
INV100265,C0007,2025-08-23,2025-09-22,4074.02,4074.02,2025-09-22,
INV100266,C0007,2025-08-23,2025-09-22,10215.74,10215.74,2025-09-23,
INV100641,C0015,2025-08-23,2025-09-22,4854.34,4854.34,2025-10-10,
INV100697,C0017,2025-08-23,2025-10-22,4224.41,4224.41,2025-11-18,
INV101102,C0030,2025-08-23,2025-10-22,26137.96,26137.96,2025-10-28,
INV101104,C0030,2025-08-23,2025-10-22,34790.85,34790.85,2025-10-23,
INV100223,C0006,2025-08-24,2025-10-08,10628.61,10628.61,2025-10-06,
INV100500,C0012,2025-08-24,2025-10-23,9983.94,9983.94,2025-10-21,
INV100985,C0026,2025-08-24,2025-10-08,8714.56,8714.56,2025-10-12,
INV101339,C0036,2025-08-24,2025-10-23,5565.89,5565.89,2025-10-31,
INV100593,C0014,2025-08-25,2025-10-09,3406.70,3406.70,2025-10-06,
INV100695,C0017,2025-08-25,2025-10-24,6020.93,6020.93,2025-11-09,
INV101210,C0031,2025-08-25,2025-10-24,22590.16,22590.16,2025-10-25,
INV101071,C0029,2025-08-26,2025-10-25,6329.37,6329.37,2026-01-11,
INV101098,C0030,2025-08-26,2025-10-25,29467.52,29467.52,2025-11-03,
INV101340,C0036,2025-08-26,2025-10-25,2769.38,2769.38,2025-11-14,
INV100180,C0005,2025-08-29,2025-10-13,4895.89,4895.89,2025-10-09,
INV100270,C0007,2025-08-29,2025-09-28,8316.62,8316.62,2025-09-26,
INV100879,C0023,2025-08-29,2025-09-28,8421.07,8421.07,2025-09-29,
INV100227,C0006,2025-08-30,2025-10-14,6252.00,6252.00,2025-10-16,
INV100407,C0010,2025-08-30,2025-10-29,4659.88,4659.88,2025-11-01,
INV101313,C0035,2025-08-30,2025-09-29,5715.04,5715.04,2025-10-16,
INV100410,C0010,2025-08-31,2025-10-30,10800.45,10800.45,2025-10-25,
INV100818,C0021,2025-08-31,2025-10-30,6709.98,6709.98,2025-12-08,
INV101073,C0029,2025-08-31,2025-10-30,7563.97,7563.97,2026-01-16,
INV100098,C0003,2025-09-02,2025-11-01,6166.37,6166.37,2025-11-02,
INV100357,C0009,2025-09-02,2025-10-02,11817.28,11817.28,2025-10-04,
INV100454,C0011,2025-09-02,2025-10-02,7315.45,7315.45,2025-09-27,
INV100456,C0011,2025-09-02,2025-10-02,10679.98,10679.98,2025-10-04,
INV101314,C0035,2025-09-02,2025-10-02,5237.27,5237.27,2025-10-19,
INV100142,C0004,2025-09-03,2025-11-02,3575.33,3575.33,2025-11-04,
INV100789,C0020,2025-09-05,2025-10-05,1829.84,1829.84,2025-11-07,
INV100916,C0024,2025-09-05,2025-11-04,6878.15,6878.15,2025-11-05,
INV101023,C0027,2025-09-05,2025-10-05,3388.28,3388.28,2025-12-02,
INV101217,C0031,2025-09-05,2025-11-04,32150.91,32150.91,2025-11-05,
INV100182,C0005,2025-09-06,2025-10-21,5868.48,5868.48,2025-10-19,
INV100409,C0010,2025-09-06,2025-11-05,4956.17,4956.17,2025-11-03,
INV100987,C0026,2025-09-06,2025-10-21,6758.58,6758.58,2025-10-21,
INV100358,C0009,2025-09-07,2025-10-07,11566.39,11566.39,2025-10-04,
INV100880,C0023,2025-09-07,2025-10-07,5575.21,5575.21,2025-10-12,
INV100949,C0025,2025-09-07,2025-10-07,9257.89,9257.89,2025-10-11,
INV101112,C0030,2025-09-07,2025-11-06,28846.25,28846.25,2025-11-12,
INV100269,C0007,2025-09-08,2025-10-08,5642.49,5642.49,2025-10-10,
INV100847,C0022,2025-09-08,2025-10-08,6687.15,6687.15,2025-11-15,
INV101024,C0027,2025-09-08,2025-10-08,6555.00,6555.00,2026-01-02,
INV101212,C0031,2025-09-08,2025-11-07,38507.71,38507.71,2025-11-13,
INV101341,C0036,2025-09-08,2025-11-07,5973.75,5973.75,2025-11-27,
INV100007,C0001,2025-09-09,2025-11-08,4997.67,4997.67,2025-11-05,
INV100053,C0002,2025-09-09,2025-10-24,11082.59,11082.59,2025-10-24,
INV100455,C0011,2025-09-09,2025-10-09,7815.81,7815.81,2025-10-12,
INV100502,C0012,2025-09-09,2025-11-08,8660.38,8660.38,2025-11-09,
INV100948,C0025,2025-09-09,2025-10-09,5304.91,5304.91,2025-10-10,
INV100548,C0013,2025-09-10,2025-10-25,9226.77,9226.77,2025-10-26,
INV101111,C0030,2025-09-10,2025-11-09,28541.63,28541.63,2025-11-19,
INV100100,C0003,2025-09-11,2025-11-10,2731.21,2731.21,2025-11-09,
INV100006,C0001,2025-09-12,2025-11-11,7855.62,7855.62,2025-11-13,
INV100099,C0003,2025-09-12,2025-11-11,5159.80,5159.80,2025-11-09,
INV100503,C0012,2025-09-12,2025-11-11,11961.39,11961.39,2025-11-14,
INV100643,C0015,2025-09-12,2025-10-12,8792.33,8792.33,2025-11-06,
INV101108,C0030,2025-09-12,2025-11-11,24940.36,24940.36,2025-11-13,
INV100597,C0014,2025-09-13,2025-10-28,9973.89,9973.89,2025-10-26,
INV101107,C0030,2025-09-13,2025-11-12,19405.78,19405.78,2025-11-13,
INV101047,C0028,2025-09-14,2025-10-29,4121.44,4121.44,2026-01-13,
INV101109,C0030,2025-09-14,2025-11-13,33820.00,33820.00,2025-11-13,
INV100549,C0013,2025-09-15,2025-10-30,7740.44,7740.44,2025-10-31,
INV100596,C0014,2025-09-15,2025-10-30,2850.64,2850.64,2025-11-02,
INV100228,C0006,2025-09-16,2025-10-31,6898.24,6898.24,2025-10-27,
INV101072,C0029,2025-09-16,2025-11-15,3327.34,3327.34,2026-01-08,
INV101105,C0030,2025-09-16,2025-11-15,26563.53,26563.53,2025-11-22,
INV101211,C0031,2025-09-16,2025-11-15,38021.15,38021.15,2025-11-15,
INV100056,C0002,2025-09-17,2025-11-01,10115.11,10115.11,2025-10-30,
INV100310,C0008,2025-09-17,2025-10-17,9322.28,9322.28,2025-10-15,
INV100914,C0024,2025-09-18,2025-11-17,3664.75,3664.75,2025-11-21,
INV100988,C0026,2025-09-18,2025-11-02,5260.27,5260.27,2025-11-02,
INV100140,C0004,2025-09-19,2025-11-18,11709.30,11709.30,2025-11-16,
INV100408,C0010,2025-09-19,2025-11-18,6360.53,6360.53,2025-11-21,
INV100728,C0018,2025-09-19,2025-10-19,1965.13,1965.13,2025-11-15,
INV100820,C0021,2025-09-19,2025-11-18,8184.91,8184.91,2025-12-05,
INV100915,C0024,2025-09-19,2025-11-18,4760.80,4760.80,2025-11-21,
INV101110,C0030,2025-09-19,2025-11-18,20810.39,20810.39,2025-11-21,
INV101215,C0031,2025-09-19,2025-11-18,19178.38,19178.38,2025-11-23,
INV100008,C0001,2025-09-20,2025-11-19,9798.30,9798.30,2025-11-15,
INV100141,C0004,2025-09-20,2025-11-19,4930.58,4930.58,2025-11-21,
INV100668,C0016,2025-09-20,2025-11-04,6995.36,6995.36,2025-12-02,
INV100848,C0022,2025-09-20,2025-10-20,7724.92,7724.92,2025-11-24,
INV101106,C0030,2025-09-20,2025-11-19,35989.50,35989.50,2025-11-25,
INV100986,C0026,2025-09-21,2025-11-05,3956.66,3956.66,2025-11-06,
INV100054,C0002,2025-09-22,2025-11-06,4227.93,4227.93,2025-11-09,
INV100055,C0002,2025-09-22,2025-11-06,7026.97,7026.97,2025-11-04,
INV101216,C0031,2025-09-22,2025-11-21,18509.27,18509.27,2025-11-24,
INV100598,C0014,2025-09-23,2025-11-07,9501.84,9501.84,2025-11-05,
INV101213,C0031,2025-09-23,2025-11-22,25177.62,25177.62,2025-11-23,
INV101214,C0031,2025-09-23,2025-11-22,21120.95,21120.95,2025-11-30,
INV100139,C0004,2025-09-24,2025-11-23,5808.82,5808.82,2025-11-26,
INV100181,C0005,2025-09-24,2025-11-08,7066.19,7066.19,2025-11-10,
INV100311,C0008,2025-09-24,2025-10-24,2113.80,2113.80,2025-10-24,
INV100642,C0015,2025-09-24,2025-10-24,1663.02,1663.02,2025-11-10,
INV100698,C0017,2025-09-24,2025-11-23,4013.12,4013.12,2025-12-21,
INV100729,C0018,2025-09-24,2025-10-24,4799.23,4799.23,2025-12-01,
INV100763,C0019,2025-09-24,2025-10-24,3829.72,3829.72,2025-11-13,
INV100819,C0021,2025-09-25,2025-11-24,3236.74,3236.74,2025-12-15,
INV101312,C0035,2025-09-25,2025-10-25,5770.58,5770.58,2025-11-02,
INV100990,C0026,2025-09-28,2025-11-12,7542.53,7542.53,2025-11-15,
INV100272,C0007,2025-09-29,2025-10-29,6640.51,6640.51,2025-10-24,
INV100669,C0016,2025-09-29,2025-11-13,5388.44,5388.44,2025-12-09,
INV100701,C0017,2025-09-29,2025-11-28,3936.60,3936.60,2025-12-17,
INV101222,C0031,2025-09-29,2025-11-28,36143.13,36143.13,2025-12-04,
INV100313,C0008,2025-09-30,2025-10-30,4034.08,4034.08,2025-11-01,
INV100360,C0009,2025-09-30,2025-10-30,10330.36,10330.36,2025-10-29,
INV101220,C0031,2025-09-30,2025-11-29,33786.53,33786.53,2025-12-09,
INV101221,C0031,2025-09-30,2025-11-29,19975.97,19975.97,2025-12-09,
INV101223,C0031,2025-09-30,2025-11-29,31273.65,31273.65,2025-12-04,
INV100011,C0001,2025-10-01,2025-11-30,7119.33,7119.33,2025-11-27,
INV100550,C0013,2025-10-01,2025-11-15,2062.11,2062.11,2025-11-13,
INV100881,C0023,2025-10-01,2025-10-31,8492.32,8492.32,2025-11-02,
INV101113,C0030,2025-10-01,2025-11-30,17251.30,17251.30,2025-12-01,
INV100102,C0003,2025-10-02,2025-12-01,4531.08,4531.08,2025-11-28,
INV100504,C0012,2025-10-02,2025-12-01,9798.47,9798.47,2025-12-03,
INV100361,C0009,2025-10-03,2025-11-02,5238.39,5238.39,2025-11-01,
INV100412,C0010,2025-10-03,2025-12-02,9461.51,9461.51,2025-12-02,
INV100058,C0002,2025-10-04,2025-11-18,7176.39,7176.39,2025-11-18,
INV100950,C0025,2025-10-04,2025-11-03,4188.09,4188.09,2025-11-05,
INV101026,C0027,2025-10-04,2025-11-03,7888.07,7888.07,2025-12-28,
INV101117,C0030,2025-10-04,2025-12-03,32776.49,32776.49,2025-12-10,
INV100231,C0006,2025-10-05,2025-11-19,3543.78,3543.78,2025-11-22,
INV101316,C0035,2025-10-05,2025-11-04,3546.26,3546.26,2025-11-20,
INV100143,C0004,2025-10-06,2025-12-05,5641.41,5641.41,2025-12-05,
INV100184,C0005,2025-10-06,2025-11-20,11527.40,11527.40,2025-11-17,
INV100273,C0007,2025-10-06,2025-11-05,3949.41,3949.41,2025-11-01,
INV100411,C0010,2025-10-06,2025-12-05,11047.03,11047.03,2025-12-03,
INV100506,C0012,2025-10-06,2025-12-05,9042.00,9042.00,2025-12-04,
INV100009,C0001,2025-10-07,2025-12-06,7251.97,7251.97,2025-12-06,
INV100822,C0021,2025-10-07,2025-12-06,2946.18,2946.18,2026-01-12,
INV100823,C0021,2025-10-07,2025-12-06,2159.55,2159.55,2025-12-30,
INV101025,C0027,2025-10-07,2025-11-06,7276.52,7276.52,2026-01-21,
INV100670,C0016,2025-10-08,2025-11-22,3613.18,3613.18,2025-12-27,
INV100790,C0020,2025-10-08,2025-11-07,1546.23,1546.23,2025-12-06,
INV100989,C0026,2025-10-08,2025-11-22,5287.25,5287.25,2025-11-27,
INV100505,C0012,2025-10-09,2025-12-08,9835.93,9835.93,2025-12-06,
INV100821,C0021,2025-10-09,2025-12-08,7538.85,7538.85,2026-01-16,
INV101048,C0028,2025-10-09,2025-11-23,7822.94,7822.94,2026-01-21,
INV100507,C0012,2025-10-11,2025-12-10,8788.19,8788.19,2025-12-12,
INV100230,C0006,2025-10-12,2025-11-26,4484.65,4484.65,2025-11-22,
INV100458,C0011,2025-10-12,2025-11-11,6387.98,6387.98,2025-11-10,
INV100460,C0011,2025-10-12,2025-11-11,8427.01,8427.01,2025-11-09,
INV100600,C0014,2025-10-12,2025-11-26,9083.39,9083.39,2025-11-25,
INV100849,C0022,2025-10-12,2025-11-11,5314.94,5314.94,2025-12-17,
INV100644,C0015,2025-10-13,2025-11-12,2367.08,2367.08,2025-12-08,
INV101115,C0030,2025-10-13,2025-12-12,17206.26,17206.26,2025-12-15,
INV101219,C0031,2025-10-13,2025-12-12,28138.82,28138.82,2025-12-17,
INV100730,C0018,2025-10-14,2025-11-13,3188.75,3188.75,2025-12-19,
INV100851,C0022,2025-10-14,2025-11-13,7849.23,7849.23,2025-12-22,
INV101074,C0029,2025-10-14,2025-12-13,3229.05,3229.05,2026-02-06,
INV100144,C0004,2025-10-15,2025-12-14,5235.34,5235.34,2025-12-09,
INV100314,C0008,2025-10-15,2025-11-14,6835.07,6835.07,2025-11-15,
INV100457,C0011,2025-10-15,2025-11-14,9419.87,9419.87,2025-11-11,
INV100183,C0005,2025-10-16,2025-11-30,2903.03,2903.03,2025-12-03,
INV100459,C0011,2025-10-16,2025-11-15,4310.24,4310.24,2025-11-15,
INV100601,C0014,2025-10-16,2025-11-30,9511.34,9511.34,2025-12-01,
INV100918,C0024,2025-10-16,2025-12-15,3561.60,3561.60,2025-12-18,
INV101114,C0030,2025-10-16,2025-12-15,35437.00,35437.00,2025-12-16,
INV101116,C0030,2025-10-16,2025-12-15,26356.94,26356.94,2025-12-25,
INV100274,C0007,2025-10-17,2025-11-16,5390.70,5390.70,2025-11-15,
INV100599,C0014,2025-10-17,2025-12-01,2575.61,2575.61,2025-12-02,
INV100764,C0019,2025-10-18,2025-11-17,8208.83,8208.83,2025-12-24,
INV100312,C0008,2025-10-19,2025-11-18,5718.09,5718.09,2025-11-17,
INV100850,C0022,2025-10-20,2025-11-19,3044.77,3044.77,2025-12-25,
INV101315,C0035,2025-10-20,2025-11-19,2336.56,2336.56,2025-12-02,
INV100010,C0001,2025-10-21,2025-12-20,6488.34,6488.34,2025-12-16,
INV100882,C0023,2025-10-21,2025-11-20,7317.57,7317.57,2025-11-23,
INV100917,C0024,2025-10-21,2025-12-20,6592.29,6592.29,2025-12-24,
INV100951,C0025,2025-10-21,2025-11-20,6274.32,6274.32,2025-11-24,
INV100012,C0001,2025-10-22,2025-12-21,5420.56,5420.56,2025-12-23,
INV100101,C0003,2025-10-22,2025-12-21,3544.47,3544.47,2025-12-21,
INV100271,C0007,2025-10-22,2025-11-21,6047.73,6047.73,2025-11-22,
INV100359,C0009,2025-10-23,2025-11-22,9210.79,9210.79,2025-11-20,
INV100552,C0013,2025-10-23,2025-12-07,7008.43,7008.43,2025-12-10,
INV100699,C0017,2025-10-23,2025-12-22,8893.70,8893.70,2026-01-16,
INV101218,C0031,2025-10-23,2025-12-22,37017.38,37017.38,2025-12-22,
INV100057,C0002,2025-10-24,2025-12-08,6006.84,6006.84,2025-12-06,
INV100229,C0006,2025-10-24,2025-12-08,7278.61,7278.61,2025-12-10,
INV100362,C0009,2025-10-24,2025-11-23,6564.03,6564.03,2025-11-22,
INV100551,C0013,2025-10-24,2025-12-08,11214.31,11214.31,2025-12-03,
INV100700,C0017,2025-10-24,2025-12-23,4504.44,4504.44,2026-01-24,
INV101075,C0029,2025-10-24,2025-12-23,4194.75,4194.75,2026-03-21,
INV101119,C0030,2025-10-24,2025-12-23,29598.59,29598.59,2025-12-29,
INV100671,C0016,2025-10-25,2025-12-09,8592.32,8592.32,2025-12-26,
INV101118,C0030,2025-10-25,2025-12-24,16369.46,16369.46,2025-12-30,
INV101342,C0036,2025-10-25,2025-12-24,2544.33,2544.33,2026-01-06,
INV100059,C0002,2025-10-28,2025-12-12,11896.04,11896.04,2025-12-11,
INV100234,C0006,2025-10-28,2025-12-12,9822.99,9822.99,2025-12-10,
INV100277,C0007,2025-10-28,2025-11-27,10260.18,10260.18,2025-11-23,
INV100953,C0025,2025-10-28,2025-11-27,5348.54,5348.54,2025-11-30,
INV100013,C0001,2025-10-29,2025-12-28,11620.19,11620.19,2025-12-24,
INV101227,C0031,2025-10-29,2025-12-28,33624.07,33624.07,2026-01-07,
INV100233,C0006,2025-10-30,2025-12-14,7515.01,7515.01,2025-12-09,
INV100792,C0020,2025-10-30,2025-11-29,3321.96,3321.96,2025-12-26,
INV100186,C0005,2025-10-31,2025-12-15,9033.37,9033.37,2025-12-13,
INV100232,C0006,2025-10-31,2025-12-15,11414.91,11414.91,2025-12-17,
INV100704,C0017,2025-10-31,2025-12-30,5480.99,5480.99,2026-01-16,
INV100316,C0008,2025-11-01,2025-12-01,8391.82,8391.82,2025-11-27,
INV100731,C0018,2025-11-01,2025-12-01,4625.64,4625.64,2026-01-06,
INV101076,C0029,2025-11-01,2025-12-31,6931.31,6931.31,2026-03-15,
INV101226,C0031,2025-11-01,2025-12-31,21482.65,21482.65,2026-01-04,
INV100991,C0026,2025-11-02,2025-12-17,3402.14,3402.14,2025-12-20,
INV101122,C0030,2025-11-02,2026-01-01,39717.02,39717.02,2026-01-05,
INV101224,C0031,2025-11-02,2026-01-01,35083.60,35083.60,2026-01-08,
INV100145,C0004,2025-11-03,2026-01-02,5565.84,5565.84,2025-12-28,
INV100461,C0011,2025-11-03,2025-12-03,4674.83,4674.83,2025-11-30,
INV100554,C0013,2025-11-03,2025-12-18,2394.74,2394.74,2025-12-20,
INV100103,C0003,2025-11-04,2026-01-03,9466.82,9466.82,2025-12-30,
INV100884,C0023,2025-11-04,2025-12-04,5579.68,5579.68,2025-12-08,
INV100147,C0004,2025-11-05,2026-01-04,7027.64,7027.64,2026-01-02,
INV100276,C0007,2025-11-05,2025-12-05,4974.06,4974.06,2025-12-01,
INV101049,C0028,2025-11-05,2025-12-20,6221.50,6221.50,2026-02-03,
INV101230,C0031,2025-11-06,2026-01-05,33700.61,33700.61,2026-01-14,
INV100015,C0001,2025-11-07,2026-01-06,8952.95,8952.95,2026-01-08,
INV100146,C0004,2025-11-07,2026-01-06,5816.27,5816.27,2026-01-08,
INV100645,C0015,2025-11-07,2025-12-07,3162.38,3162.38,2025-12-23,
INV100954,C0025,2025-11-07,2025-12-07,4586.32,4586.32,2025-12-08,
INV101121,C0030,2025-11-07,2026-01-06,19756.26,19756.26,2026-01-06,
INV100062,C0002,2025-11-08,2025-12-23,2805.38,2805.38,2025-12-19,
INV100365,C0009,2025-11-08,2025-12-08,2368.33,2368.33,2025-12-05,
INV100464,C0011,2025-11-08,2025-12-08,3609.24,3609.24,2025-12-08,
INV100509,C0012,2025-11-08,2026-01-07,4449.67,4449.67,2026-01-06,
INV100702,C0017,2025-11-08,2026-01-07,3369.63,3369.63,2026-02-04,
INV100732,C0018,2025-11-08,2025-12-08,2552.45,2552.45,2025-12-29,
INV101317,C0035,2025-11-08,2025-12-08,2116.58,0.00,,Y
INV101343,C0036,2025-11-08,2026-01-07,3259.70,3259.70,2026-01-12,
INV100104,C0003,2025-11-09,2026-01-08,10849.33,10849.33,2026-01-05,
INV100188,C0005,2025-11-09,2025-12-24,2248.34,2248.34,2025-12-19,
INV100366,C0009,2025-11-09,2025-12-09,3612.29,3612.29,2025-12-08,
INV100413,C0010,2025-11-09,2026-01-08,5285.54,5285.54,2026-01-06,
INV100414,C0010,2025-11-09,2026-01-08,11075.68,11075.68,2026-01-11,
INV100553,C0013,2025-11-09,2025-12-24,8166.99,8166.99,2025-12-20,
INV100952,C0025,2025-11-09,2025-12-09,9561.89,9561.89,2025-12-11,
INV101124,C0030,2025-11-09,2026-01-08,21375.60,21375.60,2026-01-12,
INV100672,C0016,2025-11-10,2025-12-25,8326.62,8326.62,2026-01-24,
INV100766,C0019,2025-11-10,2025-12-10,6233.26,6233.26,2026-01-10,
INV100791,C0020,2025-11-10,2025-12-10,6019.14,6019.14,2026-01-09,
INV100061,C0002,2025-11-11,2025-12-26,10085.66,10085.66,2025-12-26,
INV100060,C0002,2025-11-12,2025-12-27,4591.74,4591.74,2025-12-27,
INV100187,C0005,2025-11-12,2025-12-27,10977.06,10977.06,2025-12-29,
INV100363,C0009,2025-11-12,2025-12-12,4083.23,4083.23,2025-12-11,
INV100852,C0022,2025-11-12,2025-12-12,7214.42,7214.42,2025-12-28,
INV101123,C0030,2025-11-13,2026-01-12,21558.58,21558.58,2026-01-17,
INV100602,C0014,2025-11-14,2025-12-29,2877.01,2877.01,2025-12-29,
INV100920,C0024,2025-11-14,2026-01-13,6550.64,6550.64,2026-01-13,
INV101125,C0030,2025-11-14,2026-01-13,24869.56,24869.56,2026-01-19,
INV101231,C0031,2025-11-14,2026-01-13,31380.01,31380.01,2026-01-23,
INV100235,C0006,2025-11-15,2025-12-30,11199.20,11199.20,2025-12-29,
INV100604,C0014,2025-11-15,2025-12-30,7210.40,7210.40,2025-12-29,
INV101228,C0031,2025-11-15,2026-01-14,19118.11,19118.11,2026-01-20,
INV100275,C0007,2025-11-16,2025-12-16,2435.86,2435.86,2025-12-16,
INV100364,C0009,2025-11-16,2025-12-16,7060.07,7060.07,2025-12-16,
INV100733,C0018,2025-11-16,2025-12-16,6080.67,6080.67,2026-01-08,
INV100993,C0026,2025-11-16,2025-12-31,5341.64,5341.64,2026-01-03,
INV100555,C0013,2025-11-17,2026-01-01,9626.75,9626.75,2025-12-28,
INV100883,C0023,2025-11-17,2025-12-17,8777.29,8777.29,2025-12-19,
INV100105,C0003,2025-11-18,2026-01-17,10324.45,10324.45,2026-01-14,
INV100556,C0013,2025-11-18,2026-01-02,3812.98,3812.98,2025-12-28,
INV100703,C0017,2025-11-18,2026-01-17,6245.17,6245.17,2026-02-12,
INV101225,C0031,2025-11-18,2026-01-17,34301.90,34301.90,2026-01-24,
INV100462,C0011,2025-11-20,2025-12-20,3559.86,3559.86,2025-12-18,
INV100463,C0011,2025-11-20,2025-12-20,5265.63,5265.63,2025-12-23,
INV100014,C0001,2025-11-21,2026-01-20,7580.76,7580.76,2026-01-20,
INV100603,C0014,2025-11-21,2026-01-05,2626.31,2626.31,2026-01-06,
INV101028,C0027,2025-11-21,2025-12-21,2819.15,2819.15,2026-02-23,
INV100315,C0008,2025-11-22,2025-12-22,5952.97,5952.97,2025-12-25,
INV100508,C0012,2025-11-22,2026-01-21,9217.89,9217.89,2026-01-20,
INV100919,C0024,2025-11-22,2026-01-21,6076.69,6076.69,2026-01-25,
INV100992,C0026,2025-11-22,2026-01-06,3318.25,3318.25,2026-01-11,
INV100185,C0005,2025-11-23,2026-01-07,8316.68,8316.68,2026-01-06,
INV100765,C0019,2025-11-23,2025-12-23,8515.44,8515.44,2026-01-23,
INV100824,C0021,2025-11-23,2026-01-22,6875.19,6875.19,2026-02-15,
INV101229,C0031,2025-11-23,2026-01-22,30994.06,30994.06,2026-01-30,
INV101027,C0027,2025-11-24,2025-12-24,7603.32,7603.32,2026-02-24,
INV101120,C0030,2025-11-24,2026-01-23,30662.91,30662.91,2026-01-28,
INV100109,C0003,2025-11-27,2026-01-26,5379.80,5379.80,2026-01-28,
INV100706,C0017,2025-11-27,2026-01-26,3191.09,3191.09,2026-02-23,
INV100995,C0026,2025-11-27,2026-01-11,9477.02,9477.02,2026-01-15,
INV100018,C0001,2025-11-28,2026-01-27,9311.59,9311.59,2026-01-26,
INV100886,C0023,2025-11-28,2025-12-28,3288.77,3288.77,2026-01-01,
INV101126,C0030,2025-11-28,2026-01-27,22671.17,22671.17,2026-01-30,
INV101029,C0027,2025-11-29,2025-12-29,3989.17,3989.17,2026-03-15,
INV101232,C0031,2025-11-29,2026-01-28,39211.50,39211.50,2026-02-01,
INV100734,C0018,2025-11-30,2025-12-30,7040.75,7040.75,2026-02-06,
INV101132,C0030,2025-12-01,2026-01-30,24143.20,24143.20,2026-02-04,
INV100317,C0008,2025-12-02,2026-01-01,5977.72,5977.72,2025-12-31,
INV100466,C0011,2025-12-02,2026-01-01,11623.86,11623.86,2025-12-28,
INV100607,C0014,2025-12-02,2026-01-16,10058.65,10058.65,2026-01-15,
INV100854,C0022,2025-12-02,2026-01-01,5598.03,5598.03,2026-02-09,
INV100606,C0014,2025-12-03,2026-01-17,4126.94,4126.94,2026-01-13,
INV100768,C0019,2025-12-03,2026-01-02,4591.95,4591.95,2026-01-18,
INV101051,C0028,2025-12-03,2026-01-17,5052.51,5052.51,2026-03-29,
INV101129,C0030,2025-12-03,2026-02-01,18293.75,18293.75,2026-02-04,
INV101133,C0030,2025-12-03,2026-02-01,26410.76,26410.76,2026-02-09,
INV101318,C0035,2025-12-03,2026-01-02,2017.15,2017.15,2026-01-11,
INV101234,C0031,2025-12-04,2026-02-02,19950.34,19950.34,2026-02-09,
INV100017,C0001,2025-12-05,2026-02-03,6740.98,6740.98,2026-01-30,
INV100149,C0004,2025-12-05,2026-02-03,10170.44,10170.44,2026-01-31,
INV100465,C0011,2025-12-05,2026-01-04,11751.48,11751.48,2025-12-31,
INV100994,C0026,2025-12-05,2026-01-19,9581.67,9581.67,2026-01-19,
INV101050,C0028,2025-12-05,2026-01-19,2413.52,2413.52,2026-03-07,
INV100512,C0012,2025-12-06,2026-02-04,10544.45,10544.45,2026-01-30,
INV100794,C0020,2025-12-06,2026-01-05,4489.48,4489.48,2026-02-11,
INV100107,C0003,2025-12-07,2026-02-05,6212.76,6212.76,2026-02-05,
INV100108,C0003,2025-12-07,2026-02-05,2921.94,2921.94,2026-02-05,
INV100367,C0009,2025-12-07,2026-01-06,10954.13,10954.13,2026-01-03,
INV100605,C0014,2025-12-07,2026-01-21,6765.86,6765.86,2026-01-19,
INV100558,C0013,2025-12-08,2026-01-22,10719.22,10719.22,2026-01-19,
INV100608,C0014,2025-12-08,2026-01-22,7778.66,7778.66,2026-01-22,
INV100191,C0005,2025-12-09,2026-01-23,5160.78,5160.78,2026-01-23,
INV100825,C0021,2025-12-09,2026-02-07,7832.72,7832.72,2026-03-08,
INV100957,C0025,2025-12-09,2026-01-08,4913.37,4913.37,2026-01-12,
INV100106,C0003,2025-12-10,2026-02-08,11940.73,11940.73,2026-02-09,
INV100318,C0008,2025-12-10,2026-01-09,11882.39,11882.39,2026-01-08,
INV100319,C0008,2025-12-10,2026-01-09,11531.89,11531.89,2026-01-08,
INV100705,C0017,2025-12-10,2026-02-08,3005.89,3005.89,2026-03-16,
INV100921,C0024,2025-12-11,2026-02-09,8811.48,8811.48,2026-02-12,
INV100063,C0002,2025-12-12,2026-01-26,3967.06,3967.06,2026-01-24,
INV100064,C0002,2025-12-12,2026-01-26,8240.66,8240.66,2026-01-21,
INV100415,C0010,2025-12-12,2026-02-10,10397.11,10397.11,2026-02-05,
INV100510,C0012,2025-12-12,2026-02-10,6849.19,6849.19,2026-02-06,
INV100795,C0020,2025-12-12,2026-01-11,1668.20,1668.20,2026-02-02,
INV100148,C0004,2025-12-13,2026-02-11,9762.38,9762.38,2026-02-07,
INV101319,C0035,2025-12-13,2026-01-12,2295.50,2295.50,2026-01-31,
INV100922,C0024,2025-12-14,2026-02-12,4198.79,4198.79,2026-02-13,
INV101130,C0030,2025-12-14,2026-02-12,31306.32,31306.32,2026-02-19,
INV101235,C0031,2025-12-14,2026-02-12,20916.05,20916.05,2026-02-19,
INV100417,C0010,2025-12-15,2026-02-13,10847.59,10847.59,2026-02-11,
INV101236,C0031,2025-12-15,2026-02-13,37702.97,37702.97,2026-02-23,
INV100955,C0025,2025-12-16,2026-01-15,3317.67,3317.67,2026-01-16,
INV100019,C0001,2025-12-17,2026-02-15,7779.46,7779.46,2026-02-17,
INV100236,C0006,2025-12-17,2026-01-31,4517.94,4517.94,2026-02-01,
INV100855,C0022,2025-12-17,2026-01-16,3270.02,3270.02,2026-02-08,
INV100996,C0026,2025-12-17,2026-01-31,9912.67,9912.67,2026-01-31,
INV101077,C0029,2025-12-17,2026-02-15,7684.17,7684.17,2026-05-12,
INV100189,C0005,2025-12-18,2026-02-01,6507.60,6507.60,2026-01-31,
INV100511,C0012,2025-12-18,2026-02-16,10970.14,10970.14,2026-02-13,
INV101131,C0030,2025-12-18,2026-02-16,27224.68,27224.68,2026-02-25,
INV100237,C0006,2025-12-19,2026-02-02,9638.44,9638.44,2026-01-29,
INV100278,C0007,2025-12-19,2026-01-18,11567.78,11567.78,2026-01-19,
INV100646,C0015,2025-12-19,2026-01-18,4885.33,4885.33,2026-02-06,
INV100793,C0020,2025-12-19,2026-01-18,5886.15,5886.15,2026-02-15,
INV101237,C0031,2025-12-19,2026-02-17,16255.07,16255.07,2026-02-27,
INV101344,C0036,2025-12-19,2026-02-17,3391.56,3391.56,2026-03-07,
INV100190,C0005,2025-12-20,2026-02-03,3407.07,3407.07,2026-02-03,
INV100320,C0008,2025-12-20,2026-01-19,7665.20,7665.20,2026-01-19,
INV100956,C0025,2025-12-20,2026-01-19,7696.82,7696.82,2026-01-21,
INV100369,C0009,2025-12-21,2026-01-20,7307.21,7307.21,2026-01-20,
INV100557,C0013,2025-12-21,2026-02-04,3006.06,3006.06,2026-01-30,
INV100735,C0018,2025-12-21,2026-01-20,8967.00,8967.00,2026-02-12,
INV100826,C0021,2025-12-21,2026-02-19,6210.26,6210.26,2026-03-26,
INV101233,C0031,2025-12-21,2026-02-19,35959.31,35959.31,2026-02-22,
INV100016,C0001,2025-12-22,2026-02-20,6562.05,6562.05,2026-02-16,
INV100279,C0007,2025-12-22,2026-01-21,4510.47,4510.47,2026-01-22,
INV100368,C0009,2025-12-22,2026-01-21,9848.69,9848.69,2026-01-17,
INV100559,C0013,2025-12-22,2026-02-05,5093.46,5093.46,2026-02-04,
INV100736,C0018,2025-12-22,2026-01-21,6230.01,6230.01,2026-02-25,
INV100887,C0023,2025-12-22,2026-01-21,7397.48,7397.48,2026-01-26,
INV100280,C0007,2025-12-23,2026-01-22,6934.74,6934.74,2026-01-24,
INV100767,C0019,2025-12-23,2026-01-22,5337.05,5337.05,2026-02-22,
INV100853,C0022,2025-12-23,2026-01-22,7543.00,7543.00,2026-02-14,
INV100885,C0023,2025-12-23,2026-01-22,8819.75,8819.75,2026-01-23,
INV100370,C0009,2025-12-24,2026-01-23,6530.39,6530.39,2026-01-26,
INV100416,C0010,2025-12-24,2026-02-22,2265.17,2265.17,2026-02-20,
INV100673,C0016,2025-12-24,2026-02-07,6491.12,6491.12,2026-03-01,
INV101030,C0027,2025-12-24,2026-01-23,7345.82,7345.82,2026-03-19,
INV101127,C0030,2025-12-24,2026-02-22,24505.66,24505.66,2026-02-28,
INV101128,C0030,2025-12-24,2026-02-22,28489.94,28489.94,2026-02-26,
INV100021,C0001,2025-12-27,2026-02-25,11406.49,11406.49,2026-02-25,
INV100281,C0007,2025-12-27,2026-01-26,10025.68,10025.68,2026-01-25,
INV100561,C0013,2025-12-27,2026-02-10,6306.75,6306.75,2026-02-05,
INV100738,C0018,2025-12-27,2026-01-26,4578.13,4578.13,2026-02-27,
INV101346,C0036,2025-12-27,2026-02-25,2555.65,0.00,,Y
INV100856,C0022,2025-12-28,2026-01-27,2760.38,2760.38,2026-02-22,
INV100888,C0023,2025-12-28,2026-01-27,9614.54,9614.54,2026-01-30,
INV100960,C0025,2025-12-28,2026-01-27,9405.38,9405.38,2026-01-27,
INV101053,C0028,2025-12-28,2026-02-11,5918.69,5918.69,2026-05-01,
INV101134,C0030,2025-12-28,2026-02-26,33231.49,33231.49,2026-02-26,
INV100112,C0003,2025-12-29,2026-02-27,3128.50,3128.50,2026-02-25,
INV100152,C0004,2025-12-29,2026-02-27,7855.83,7855.83,2026-03-02,
INV100193,C0005,2025-12-30,2026-02-13,11398.81,11398.81,2026-02-11,
INV100420,C0010,2025-12-30,2026-02-28,8219.69,8219.69,2026-02-25,
INV100419,C0010,2025-12-31,2026-03-01,2329.14,2329.14,2026-02-25,
INV100737,C0018,2025-12-31,2026-01-30,4597.75,4597.75,2026-02-17,
INV100022,C0001,2026-01-01,2026-03-02,8109.20,8109.20,2026-03-04,
INV100560,C0013,2026-01-01,2026-02-15,6217.85,6217.85,2026-02-15,
INV100796,C0020,2026-01-01,2026-01-31,2774.43,2774.43,2026-02-27,
INV100998,C0026,2026-01-01,2026-02-15,3654.14,3654.14,2026-02-16,
INV101141,C0030,2026-01-01,2026-03-02,25843.02,25843.02,2026-03-12,
INV100323,C0008,2026-01-02,2026-02-01,11419.87,11419.87,2026-02-02,
INV100999,C0026,2026-01-02,2026-02-16,3998.61,3998.61,2026-02-16,
INV101032,C0027,2026-01-02,2026-02-01,5475.35,5475.35,2026-03-31,
INV101138,C0030,2026-01-02,2026-03-03,32763.90,32763.90,2026-03-12,
INV101140,C0030,2026-01-02,2026-03-03,36951.54,36951.54,2026-03-03,
INV100610,C0014,2026-01-03,2026-02-17,2445.94,2445.94,2026-02-19,
INV100925,C0024,2026-01-03,2026-03-04,3330.55,3330.55,2026-03-04,
INV101137,C0030,2026-01-03,2026-03-04,34902.21,34902.21,2026-03-08,
INV101240,C0031,2026-01-03,2026-03-04,31311.90,31311.90,2026-03-09,
INV101321,C0035,2026-01-03,2026-02-02,3470.75,3470.75,2026-02-17,
INV100372,C0009,2026-01-04,2026-02-03,11929.55,11929.55,2026-02-04,
INV100827,C0021,2026-01-04,2026-03-05,2822.95,2822.95,2026-03-31,
INV101052,C0028,2026-01-04,2026-02-18,2063.54,2063.54,2026-05-18,
INV100151,C0004,2026-01-05,2026-03-06,5042.45,5042.45,2026-03-04,
INV100238,C0006,2026-01-05,2026-02-19,7244.37,7244.37,2026-02-17,
INV100890,C0023,2026-01-05,2026-02-04,7218.38,7218.38,2026-02-09,
INV100192,C0005,2026-01-06,2026-02-20,9507.34,9507.34,2026-02-21,
INV101078,C0029,2026-01-06,2026-03-07,4287.57,4287.57,2026-05-18,
INV100611,C0014,2026-01-07,2026-02-21,10663.72,10663.72,2026-02-21,
INV100958,C0025,2026-01-07,2026-02-06,6982.73,6982.73,2026-02-10,
INV100239,C0006,2026-01-08,2026-02-22,4608.82,4608.82,2026-02-17,
INV100374,C0009,2026-01-08,2026-02-07,11904.98,11904.98,2026-02-04,
INV100467,C0011,2026-01-08,2026-02-07,3509.60,3509.60,2026-02-04,
INV101345,C0036,2026-01-08,2026-03-09,2804.78,0.00,,Y
INV100321,C0008,2026-01-09,2026-02-08,2182.13,2182.13,2026-02-08,
INV100648,C0015,2026-01-09,2026-02-08,3350.68,3350.68,2026-02-23,
INV100889,C0023,2026-01-09,2026-02-08,6496.71,6496.71,2026-02-09,
INV100562,C0013,2026-01-11,2026-02-25,7675.07,7675.07,2026-02-20,
INV101243,C0031,2026-01-11,2026-03-12,30095.74,30095.74,2026-03-13,
INV100111,C0003,2026-01-12,2026-03-13,8239.27,8239.27,2026-03-16,
INV101322,C0035,2026-01-12,2026-02-11,4842.26,4842.26,2026-02-22,
INV101135,C0030,2026-01-13,2026-03-14,16691.05,16691.05,2026-03-23,
INV100150,C0004,2026-01-14,2026-03-15,2416.67,2416.67,2026-03-10,
INV100674,C0016,2026-01-14,2026-02-28,7737.17,7737.17,2026-03-26,
INV100739,C0018,2026-01-14,2026-02-13,2380.86,2380.86,2026-03-12,
INV100769,C0019,2026-01-14,2026-02-13,6023.46,6023.46,2026-03-11,
INV100770,C0019,2026-01-14,2026-02-13,8953.12,8953.12,2026-03-20,
INV100959,C0025,2026-01-14,2026-02-13,9698.72,9698.72,2026-02-18,
INV100418,C0010,2026-01-15,2026-03-16,7853.32,7853.32,2026-03-13,
INV100997,C0026,2026-01-15,2026-03-01,7971.01,7971.01,2026-03-03,
INV101139,C0030,2026-01-15,2026-03-16,26365.42,26365.42,2026-03-23,
INV100065,C0002,2026-01-16,2026-03-02,5440.07,5440.07,2026-02-26,
INV100322,C0008,2026-01-16,2026-02-15,3972.02,3972.02,2026-02-16,
INV100708,C0017,2026-01-16,2026-03-17,1850.71,1850.71,2026-04-02,
INV101031,C0027,2026-01-17,2026-02-16,5661.53,5661.53,2026-04-30,
INV101241,C0031,2026-01-17,2026-03-18,29871.65,29871.65,2026-03-24,
INV100020,C0001,2026-01-18,2026-03-19,5857.91,5857.91,2026-03-19,
INV100110,C0003,2026-01-18,2026-03-19,2180.82,2180.82,2026-03-19,
INV100371,C0009,2026-01-18,2026-02-17,10825.35,10825.35,2026-02-13,
INV100373,C0009,2026-01-19,2026-02-18,9976.71,9976.71,2026-02-17,
INV100771,C0019,2026-01-19,2026-02-18,1817.35,1817.35,2026-03-18,
INV100609,C0014,2026-01-20,2026-03-06,7172.17,7172.17,2026-03-03,
INV100707,C0017,2026-01-20,2026-03-21,8981.29,8981.29,2026-04-19,
INV100923,C0024,2026-01-20,2026-03-21,3651.80,3651.80,2026-03-23,
INV100924,C0024,2026-01-20,2026-03-21,7331.49,7331.49,2026-03-24,
INV100067,C0002,2026-01-21,2026-03-07,9114.93,9114.93,2026-03-05,
INV100468,C0011,2026-01-21,2026-02-20,5021.05,5021.05,2026-02-19,
INV100514,C0012,2026-01-21,2026-03-22,11426.13,11426.13,2026-03-25,
INV101238,C0031,2026-01-21,2026-03-22,30668.88,30668.88,2026-03-27,
INV101242,C0031,2026-01-21,2026-03-22,22619.08,22619.08,2026-03-26,
INV101244,C0031,2026-01-21,2026-03-22,26884.59,26884.59,2026-03-28,
INV101320,C0035,2026-01-21,2026-02-20,2161.33,0.00,,Y
INV100066,C0002,2026-01-22,2026-03-08,8605.86,8605.86,2026-03-09,
INV100282,C0007,2026-01-22,2026-02-21,8921.10,8921.10,2026-02-18,
INV100513,C0012,2026-01-22,2026-03-23,7645.89,7645.89,2026-03-23,
INV101136,C0030,2026-01-22,2026-03-23,23088.85,23088.85,2026-03-27,
INV101239,C0031,2026-01-22,2026-03-23,24475.48,24475.48,2026-03-24,
INV101347,C0036,2026-01-22,2026-03-23,6151.56,6151.56,2026-03-30,
INV100647,C0015,2026-01-23,2026-02-22,2620.44,2620.44,2026-03-22,
INV100194,C0005,2026-01-26,2026-03-12,11015.67,11015.67,2026-03-11,
INV100797,C0020,2026-01-26,2026-02-25,8786.61,8786.61,2026-03-21,
INV101144,C0030,2026-01-26,2026-03-27,38059.96,38059.96,2026-04-04,
INV100422,C0010,2026-01-27,2026-03-28,3384.02,3384.02,2026-03-23,
INV101033,C0027,2026-01-27,2026-02-26,6678.89,0.00,,
INV101142,C0030,2026-01-27,2026-03-28,18424.94,18424.94,2026-03-29,
INV101248,C0031,2026-01-27,2026-03-28,22303.29,22303.29,2026-03-29,
INV101252,C0031,2026-01-27,2026-03-28,24391.17,24391.17,2026-03-30,
INV100069,C0002,2026-01-28,2026-03-14,10008.24,10008.24,2026-03-15,
INV100113,C0003,2026-01-28,2026-03-29,4655.64,4655.64,2026-03-24,
INV100857,C0022,2026-01-28,2026-02-27,3010.58,3010.58,2026-03-23,
INV100615,C0014,2026-01-29,2026-03-15,2335.79,2335.79,2026-03-17,
INV100742,C0018,2026-01-29,2026-02-28,4346.72,4346.72,2026-03-29,
INV101251,C0031,2026-01-29,2026-03-30,20408.06,20408.06,2026-04-09,
INV100421,C0010,2026-01-30,2026-03-31,9007.40,9007.40,2026-03-26,
INV100740,C0018,2026-01-30,2026-03-01,4634.33,4634.33,2026-04-10,
INV100858,C0022,2026-01-30,2026-03-01,2524.15,2524.15,2026-04-07,
INV100891,C0023,2026-01-30,2026-03-01,7815.89,7815.89,2026-03-02,
INV100892,C0023,2026-01-30,2026-03-01,6102.32,6102.32,2026-03-04,
INV101002,C0026,2026-01-30,2026-03-16,7601.52,7601.52,2026-03-20,
INV100068,C0002,2026-01-31,2026-03-17,6339.25,6339.25,2026-03-17,
INV100675,C0016,2026-01-31,2026-03-17,6766.93,6766.93,2026-04-19,
INV101034,C0027,2026-01-31,2026-03-02,4608.85,0.00,,
INV100023,C0001,2026-02-01,2026-04-02,9682.33,9682.33,2026-03-30,
INV100516,C0012,2026-02-01,2026-04-02,11517.69,11517.69,2026-04-01,
INV101348,C0036,2026-02-01,2026-04-02,6445.10,6445.10,2026-04-09,
INV100283,C0007,2026-02-02,2026-03-04,5278.00,5278.00,2026-03-04,
INV100286,C0007,2026-02-02,2026-03-04,6077.57,6077.57,2026-02-27,
INV100376,C0009,2026-02-02,2026-03-04,3767.56,3767.56,2026-02-27,
INV101146,C0030,2026-02-02,2026-04-03,31846.30,31846.30,2026-04-13,
INV100195,C0005,2026-02-03,2026-03-20,5722.22,5722.22,2026-03-21,
INV100241,C0006,2026-02-03,2026-03-20,11589.40,11589.40,2026-03-18,
INV100469,C0011,2026-02-03,2026-03-05,3961.91,3961.91,2026-03-01,
INV100470,C0011,2026-02-03,2026-03-05,4064.44,4064.44,2026-03-06,
INV100517,C0012,2026-02-03,2026-04-04,8082.01,8082.01,2026-04-01,
INV100614,C0014,2026-02-03,2026-03-20,7194.57,7194.57,2026-03-15,
INV100741,C0018,2026-02-03,2026-03-05,8045.71,8045.71,2026-04-08,
INV101249,C0031,2026-02-03,2026-04-04,19682.22,19682.22,2026-04-11,
INV100377,C0009,2026-02-04,2026-03-06,10198.24,10198.24,2026-03-05,
INV101245,C0031,2026-02-04,2026-04-05,26437.10,26437.10,2026-04-10,
INV101323,C0035,2026-02-04,2026-03-06,6197.03,0.00,,Y
INV100375,C0009,2026-02-05,2026-03-07,9646.39,9646.39,2026-03-09,
INV100613,C0014,2026-02-05,2026-03-22,7972.12,7972.12,2026-03-22,
INV100197,C0005,2026-02-06,2026-03-23,11254.15,11254.15,2026-03-22,
INV100196,C0005,2026-02-07,2026-03-24,11987.93,11987.93,2026-03-20,
INV100325,C0008,2026-02-07,2026-03-09,7777.96,7777.96,2026-03-09,
INV101247,C0031,2026-02-07,2026-04-08,36113.43,36113.43,2026-04-17,
INV100324,C0008,2026-02-08,2026-03-10,3135.39,3135.39,2026-03-06,
INV100829,C0021,2026-02-08,2026-04-09,1689.48,1689.48,2026-05-16,
INV101079,C0029,2026-02-08,2026-04-09,2923.07,0.00,,
INV101250,C0031,2026-02-08,2026-04-09,31524.99,31524.99,2026-04-12,
INV100070,C0002,2026-02-09,2026-03-26,6013.87,6013.87,2026-03-22,
INV100284,C0007,2026-02-09,2026-03-11,5618.58,5618.58,2026-03-07,
INV100471,C0011,2026-02-09,2026-03-11,2339.32,2339.32,2026-03-12,
INV100564,C0013,2026-02-09,2026-03-26,2672.19,2672.19,2026-03-27,
INV100612,C0014,2026-02-09,2026-03-26,9873.48,9873.48,2026-03-23,
INV100927,C0024,2026-02-09,2026-04-10,5099.51,5099.51,2026-04-15,
INV100285,C0007,2026-02-11,2026-03-13,3973.12,3973.12,2026-03-10,
INV100240,C0006,2026-02-12,2026-03-29,5015.21,5015.21,2026-03-31,
INV101001,C0026,2026-02-12,2026-03-29,7761.05,7761.05,2026-04-02,
INV101054,C0028,2026-02-12,2026-03-29,3984.52,0.00,,
INV101246,C0031,2026-02-12,2026-04-13,20341.42,20341.42,2026-04-18,
INV100649,C0015,2026-02-13,2026-03-15,7796.73,7796.73,2026-04-09,
INV100515,C0012,2026-02-15,2026-04-16,7824.55,7824.55,2026-04-11,
INV100962,C0025,2026-02-15,2026-03-17,3692.95,3692.95,2026-03-19,
INV100153,C0004,2026-02-16,2026-04-17,10928.01,10928.01,2026-04-18,
INV100423,C0010,2026-02-17,2026-04-18,2678.28,2678.28,2026-04-13,
INV100830,C0021,2026-02-17,2026-04-18,4969.36,4969.36,2026-05-15,
INV100926,C0024,2026-02-17,2026-04-18,7160.15,7160.15,2026-04-19,
INV100024,C0001,2026-02-18,2026-04-19,4476.15,4476.15,2026-04-20,
INV101145,C0030,2026-02-18,2026-04-19,35017.45,35017.45,2026-04-26,
INV101147,C0030,2026-02-18,2026-04-19,22372.32,22372.32,2026-04-22,
INV100114,C0003,2026-02-19,2026-04-20,3815.51,3815.51,2026-04-17,
INV100154,C0004,2026-02-19,2026-04-20,5261.35,5261.35,2026-04-22,
INV100563,C0013,2026-02-19,2026-04-05,10103.32,10103.32,2026-04-06,
INV100961,C0025,2026-02-19,2026-03-21,5983.76,5983.76,2026-03-25,
INV100650,C0015,2026-02-20,2026-03-22,2758.48,2758.48,2026-04-21,
INV100772,C0019,2026-02-20,2026-03-22,1520.84,1520.84,2026-04-28,
INV100828,C0021,2026-02-20,2026-04-21,6477.08,6477.08,2026-05-17,
INV101000,C0026,2026-02-21,2026-04-07,5532.09,5532.09,2026-04-09,
INV101143,C0030,2026-02-21,2026-04-22,29907.12,29907.12,2026-04-24,
INV100709,C0017,2026-02-22,2026-04-23,6311.81,6311.81,2026-05-16,
INV101055,C0028,2026-02-22,2026-04-08,6471.62,0.00,,
INV100072,C0002,2026-02-25,2026-04-11,3511.51,3511.51,2026-04-13,
INV100243,C0006,2026-02-25,2026-04-11,11606.14,11606.14,2026-04-10,
INV100775,C0019,2026-02-25,2026-03-27,6510.80,6510.80,2026-04-17,
INV101324,C0035,2026-02-25,2026-03-27,6053.88,6053.88,2026-04-09,
INV100156,C0004,2026-02-26,2026-04-27,10248.57,10248.57,2026-04-30,
INV100244,C0006,2026-02-26,2026-04-12,2217.87,2217.87,2026-04-14,
INV100327,C0008,2026-02-26,2026-03-28,7515.48,7515.48,2026-03-29,
INV100893,C0023,2026-02-26,2026-03-28,8954.69,8954.69,2026-03-31,
INV100025,C0001,2026-02-27,2026-04-28,3663.66,3663.66,2026-04-29,
INV100328,C0008,2026-02-27,2026-03-29,7728.65,7728.65,2026-03-29,
INV100567,C0013,2026-02-28,2026-04-14,2829.25,2829.25,2026-04-16,
INV100678,C0016,2026-02-28,2026-04-14,4175.39,4175.39,2026-05-06,
INV100712,C0017,2026-02-28,2026-04-29,3379.36,3379.36,2026-05-30,
INV100832,C0021,2026-02-28,2026-04-29,3531.66,3531.66,2026-06-02,
INV101080,C0029,2026-02-28,2026-04-29,4188.65,0.00,,
INV101036,C0027,2026-03-01,2026-03-31,7846.02,0.00,,
INV100071,C0002,2026-03-02,2026-04-16,3700.04,3700.04,2026-04-13,
INV100518,C0012,2026-03-02,2026-05-01,9763.06,9763.06,2026-05-01,
INV100425,C0010,2026-03-03,2026-05-02,10175.62,10175.62,2026-05-05,
INV100568,C0013,2026-03-03,2026-04-17,10957.72,10957.72,2026-04-12,
INV100894,C0023,2026-03-03,2026-04-02,4527.93,4527.93,2026-04-04,
INV101150,C0030,2026-03-03,2026-05-02,34606.32,34606.32,2026-05-02,
INV100380,C0009,2026-03-04,2026-04-03,3493.65,3493.65,2026-04-04,
INV100860,C0022,2026-03-04,2026-04-03,1544.10,1544.10,2026-05-10,
INV101003,C0026,2026-03-04,2026-04-18,8187.58,8187.58,2026-04-20,
INV100198,C0005,2026-03-05,2026-04-19,3017.10,3017.10,2026-04-18,
INV100289,C0007,2026-03-05,2026-04-04,8246.02,8246.02,2026-04-02,
INV100619,C0014,2026-03-05,2026-04-19,10437.47,10437.47,2026-04-19,
INV101253,C0031,2026-03-05,2026-05-04,23316.53,23316.53,2026-05-06,
INV100155,C0004,2026-03-06,2026-05-05,9241.56,9241.56,2026-05-02,
INV100744,C0018,2026-03-06,2026-04-05,4147.15,4147.15,2026-05-06,
INV101256,C0031,2026-03-06,2026-05-05,27491.98,27491.98,2026-05-13,
INV100651,C0015,2026-03-07,2026-04-06,4921.38,4921.38,2026-05-06,
INV101254,C0031,2026-03-08,2026-05-07,19185.40,19185.40,2026-05-12,
INV100116,C0003,2026-03-09,2026-05-08,3493.68,3493.68,2026-05-11,
INV100774,C0019,2026-03-09,2026-04-08,7816.18,7816.18,2026-05-11,
INV101057,C0028,2026-03-09,2026-04-23,7837.62,0.00,,
INV101259,C0031,2026-03-09,2026-05-08,28179.83,28179.83,2026-05-08,
INV100288,C0007,2026-03-10,2026-04-09,10834.75,10834.75,2026-04-05,
INV100617,C0014,2026-03-10,2026-04-24,2971.08,2971.08,2026-04-26,
INV100928,C0024,2026-03-10,2026-05-09,9359.75,9359.75,2026-05-09,
INV101056,C0028,2026-03-10,2026-04-24,3909.59,0.00,,
INV101151,C0030,2026-03-10,2026-05-09,20594.23,20594.23,2026-05-13,
INV101153,C0030,2026-03-10,2026-05-09,18870.92,18870.92,2026-05-09,
INV100473,C0011,2026-03-11,2026-04-10,2221.17,2221.17,2026-04-09,
INV100677,C0016,2026-03-11,2026-04-25,8765.51,8765.51,2026-05-12,
INV100743,C0018,2026-03-11,2026-04-10,3660.47,3660.47,2026-05-06,
INV100566,C0013,2026-03-12,2026-04-26,9698.87,9698.87,2026-04-29,
INV100242,C0006,2026-03-13,2026-04-27,4347.68,4347.68,2026-04-25,
INV101149,C0030,2026-03-13,2026-05-12,17521.56,17521.56,2026-05-13,
INV100026,C0001,2026-03-14,2026-05-13,4778.39,4778.39,2026-05-10,
INV100287,C0007,2026-03-14,2026-04-13,7446.17,7446.17,2026-04-10,
INV100745,C0018,2026-03-14,2026-04-13,5965.65,5965.65,2026-05-18,
INV100773,C0019,2026-03-14,2026-04-13,1529.35,1529.35,2026-05-07,
INV100798,C0020,2026-03-14,2026-04-13,4222.02,4222.02,2026-05-08,
INV100799,C0020,2026-03-14,2026-04-13,8036.14,8036.14,2026-05-08,
INV100117,C0003,2026-03-15,2026-05-14,6946.12,6946.12,2026-05-14,
INV100565,C0013,2026-03-15,2026-04-29,11931.26,11931.26,2026-04-26,
INV100616,C0014,2026-03-15,2026-04-29,4135.83,4135.83,2026-04-28,
INV100474,C0011,2026-03-16,2026-04-15,9382.40,9382.40,2026-04-10,
INV100710,C0017,2026-03-16,2026-05-15,3550.75,3550.75,2026-06-16,
INV100929,C0024,2026-03-16,2026-05-15,9920.34,9920.34,2026-05-16,
INV101349,C0036,2026-03-16,2026-05-15,4797.92,4797.92,2026-06-03,
INV100199,C0005,2026-03-17,2026-05-01,11355.90,11355.90,2026-04-29,
INV100378,C0009,2026-03-17,2026-04-16,11659.57,11659.57,2026-04-16,
INV100831,C0021,2026-03-17,2026-05-16,2232.73,2232.73,2026-06-09,
INV101350,C0036,2026-03-17,2026-05-16,6520.28,0.00,,Y
INV100074,C0002,2026-03-18,2026-05-02,11374.68,11374.68,2026-04-29,
INV100859,C0022,2026-03-18,2026-04-17,5120.84,5120.84,2026-05-24,
INV100964,C0025,2026-03-18,2026-04-17,3504.21,3504.21,2026-04-19,
INV101035,C0027,2026-03-18,2026-04-17,2146.54,0.00,,
INV100472,C0011,2026-03-19,2026-04-18,4224.52,4224.52,2026-04-17,
INV101152,C0030,2026-03-19,2026-05-18,37646.96,37646.96,2026-05-28,
INV101154,C0030,2026-03-19,2026-05-18,18334.85,18334.85,2026-05-20,
INV100379,C0009,2026-03-20,2026-04-19,2017.91,2017.91,2026-04-14,
INV100326,C0008,2026-03-21,2026-04-20,3625.45,3625.45,2026-04-15,
INV100618,C0014,2026-03-21,2026-05-05,7931.20,7931.20,2026-05-02,
INV101005,C0026,2026-03-21,2026-05-05,7531.14,7531.14,2026-05-10,
INV100073,C0002,2026-03-22,2026-05-06,8558.58,8558.58,2026-05-08,
INV100519,C0012,2026-03-22,2026-05-21,3526.72,3526.72,2026-05-22,
INV100711,C0017,2026-03-22,2026-05-21,8432.88,8432.88,2026-06-24,
INV101081,C0029,2026-03-22,2026-05-21,5135.51,0.00,,
INV101257,C0031,2026-03-22,2026-05-21,39713.77,39713.77,2026-05-24,
INV100027,C0001,2026-03-23,2026-05-22,6305.22,6305.22,2026-05-25,
INV101004,C0026,2026-03-23,2026-05-07,7980.00,7980.00,2026-05-07,
INV101148,C0030,2026-03-23,2026-05-22,18973.88,18973.88,2026-05-25,
INV101155,C0030,2026-03-23,2026-05-22,26157.81,26157.81,2026-05-25,
INV101255,C0031,2026-03-23,2026-05-22,30256.04,30256.04,2026-05-28,
INV100115,C0003,2026-03-24,2026-05-23,11114.14,11114.14,2026-05-22,
INV100424,C0010,2026-03-24,2026-05-23,7904.73,7904.73,2026-05-23,
INV100676,C0016,2026-03-24,2026-05-08,1534.80,1534.80,2026-06-08,
INV100963,C0025,2026-03-24,2026-04-23,8576.90,8576.90,2026-04-24,
INV101258,C0031,2026-03-24,2026-05-23,35765.67,35765.67,2026-05-25,
INV100202,C0005,2026-03-27,2026-05-11,10119.62,10119.62,2026-05-12,
INV100383,C0009,2026-03-27,2026-04-26,2543.93,2543.93,2026-04-26,
INV100569,C0013,2026-03-27,2026-05-11,2093.27,2093.27,2026-05-07,
INV100746,C0018,2026-03-27,2026-04-26,7403.08,7403.08,2026-05-26,
INV101059,C0028,2026-03-27,2026-05-11,3434.55,0.00,,
INV100621,C0014,2026-03-28,2026-05-12,2348.10,2348.10,2026-05-12,
INV100895,C0023,2026-03-28,2026-04-27,8885.76,8885.76,2026-05-01,
INV100331,C0008,2026-03-29,2026-04-28,3087.93,3087.93,2026-04-30,
INV100426,C0010,2026-03-29,2026-05-28,10797.15,10797.15,2026-05-29,
INV100427,C0010,2026-03-30,2026-05-29,4465.77,4465.77,2026-05-27,
INV100428,C0010,2026-03-30,2026-05-29,2338.61,2338.61,2026-05-25,
INV101260,C0031,2026-03-30,2026-05-29,38625.12,38625.12,2026-06-05,
INV100030,C0001,2026-03-31,2026-05-30,2829.85,2829.85,2026-05-27,
INV100158,C0004,2026-03-31,2026-05-30,11098.88,11098.88,2026-06-02,
INV100382,C0009,2026-03-31,2026-04-30,6883.95,6883.95,2026-04-25,
INV100571,C0013,2026-03-31,2026-05-15,6723.32,6723.32,2026-05-14,
INV100652,C0015,2026-03-31,2026-04-30,8839.66,8839.66,2026-05-16,
INV100861,C0022,2026-03-31,2026-04-30,8518.83,8518.83,2026-05-26,
INV101159,C0030,2026-03-31,2026-05-30,38638.92,38638.92,2026-06-09,
INV101352,C0036,2026-03-31,2026-05-30,6724.11,6724.11,2026-06-18,
INV100291,C0007,2026-04-01,2026-05-01,4341.96,4341.96,2026-05-02,
INV100520,C0012,2026-04-01,2026-05-31,8095.13,8095.13,2026-05-27,
INV100620,C0014,2026-04-01,2026-05-16,5782.02,5782.02,2026-05-11,
INV100523,C0012,2026-04-02,2026-06-01,6944.62,6944.62,2026-05-30,
INV100246,C0006,2026-04-03,2026-05-18,8673.55,8673.55,2026-05-18,
INV100247,C0006,2026-04-03,2026-05-18,6929.43,6929.43,2026-05-18,
INV100475,C0011,2026-04-03,2026-05-03,11080.04,11080.04,2026-05-04,
INV100833,C0021,2026-04-03,2026-06-02,6844.40,6844.40,2026-06-18,
INV101160,C0030,2026-04-03,2026-06-02,24787.53,24787.53,2026-06-02,
INV100118,C0003,2026-04-04,2026-06-03,2575.27,2575.27,2026-05-31,
INV101008,C0026,2026-04-04,2026-05-19,3063.28,3063.28,2026-05-22,
INV100330,C0008,2026-04-05,2026-05-05,3618.15,3618.15,2026-05-02,
INV101037,C0027,2026-04-05,2026-05-05,2904.82,0.00,,
INV101083,C0029,2026-04-05,2026-06-04,7981.77,0.00,,
INV101162,C0030,2026-04-05,2026-06-04,20584.12,20584.12,2026-06-12,
INV101158,C0030,2026-04-06,2026-06-05,28718.27,28718.27,2026-06-08,
INV101161,C0030,2026-04-06,2026-06-05,24499.37,24499.37,2026-06-15,
INV100931,C0024,2026-04-07,2026-06-06,8218.04,8218.04,2026-06-08,
INV100966,C0025,2026-04-07,2026-05-07,9110.03,9110.03,2026-05-12,
INV100747,C0018,2026-04-08,2026-05-08,4830.23,4830.23,2026-05-28,
INV100834,C0021,2026-04-08,2026-06-07,1799.99,1799.99,2026-06-27,
INV100967,C0025,2026-04-08,2026-05-08,5340.99,5340.99,2026-05-13,
INV101351,C0036,2026-04-08,2026-06-07,6402.98,6402.98,2026-06-15,
INV100078,C0002,2026-04-09,2026-05-24,11865.49,11865.49,2026-05-22,
INV100119,C0003,2026-04-09,2026-06-08,10952.85,10952.85,2026-06-07,
INV100157,C0004,2026-04-09,2026-06-08,9338.52,9338.52,2026-06-11,
INV100200,C0005,2026-04-09,2026-05-24,7109.63,7109.63,2026-05-22,
INV100290,C0007,2026-04-09,2026-05-09,6984.75,6984.75,2026-05-11,
INV100713,C0017,2026-04-09,2026-06-08,3274.89,3274.89,2026-06-24,
INV100801,C0020,2026-04-09,2026-05-09,7693.69,7693.69,2026-06-04,
INV100835,C0021,2026-04-09,2026-06-08,2985.66,2985.66,2026-07-02,
INV100896,C0023,2026-04-09,2026-05-09,4002.13,4002.13,2026-05-09,
INV101058,C0028,2026-04-09,2026-05-24,6822.52,0.00,,
INV100776,C0019,2026-04-11,2026-05-11,7267.25,7267.25,2026-06-13,
INV100077,C0002,2026-04-12,2026-05-27,9494.96,9494.96,2026-05-24,
INV100329,C0008,2026-04-12,2026-05-12,3716.86,3716.86,2026-05-12,
INV100381,C0009,2026-04-12,2026-05-12,5640.99,5640.99,2026-05-07,
INV100965,C0025,2026-04-12,2026-05-12,8972.42,8972.42,2026-05-13,
INV101007,C0026,2026-04-12,2026-05-27,9586.58,9586.58,2026-05-28,
INV100075,C0002,2026-04-13,2026-05-28,3309.84,3309.84,2026-05-23,
INV101006,C0026,2026-04-13,2026-05-28,4947.84,4947.84,2026-06-01,
INV101263,C0031,2026-04-13,2026-06-12,33364.29,33364.29,2026-06-20,
INV100159,C0004,2026-04-14,2026-06-13,10349.38,10349.38,2026-06-08,
INV100680,C0016,2026-04-14,2026-05-29,7134.87,7134.87,2026-06-14,
INV101261,C0031,2026-04-14,2026-06-13,35234.87,35234.87,2026-06-17,
INV100245,C0006,2026-04-16,2026-05-31,6200.16,6200.16,2026-05-30,
INV100800,C0020,2026-04-16,2026-05-16,1990.85,1990.85,2026-06-03,
INV101325,C0035,2026-04-16,2026-05-16,3368.67,3368.67,2026-05-23,
INV100029,C0001,2026-04-17,2026-06-16,10841.93,10841.93,2026-06-14,
INV100478,C0011,2026-04-17,2026-05-17,3815.05,3815.05,2026-05-13,
INV100521,C0012,2026-04-17,2026-06-16,11016.43,11016.43,2026-06-19,
INV101082,C0029,2026-04-17,2026-06-16,2528.00,0.00,,
INV101264,C0031,2026-04-17,2026-06-16,24417.20,24417.20,2026-06-20,
INV101265,C0031,2026-04-17,2026-06-16,25400.69,25400.69,2026-06-24,
INV100028,C0001,2026-04-18,2026-06-17,6152.97,6152.97,2026-06-17,
INV100248,C0006,2026-04-18,2026-06-02,6205.57,6205.57,2026-06-03,
INV100476,C0011,2026-04-18,2026-05-18,7739.78,7739.78,2026-05-19,
INV100862,C0022,2026-04-18,2026-05-18,3745.29,3745.29,2026-06-24,
INV101163,C0030,2026-04-18,2026-06-17,17339.76,17339.76,2026-06-24,
INV100930,C0024,2026-04-19,2026-06-18,9095.42,9095.42,2026-06-19,
INV101157,C0030,2026-04-19,2026-06-18,18849.72,18849.72,2026-06-22,
INV101262,C0031,2026-04-19,2026-06-18,23807.60,23807.60,2026-06-19,
INV100201,C0005,2026-04-20,2026-06-04,5733.49,5733.49,2026-06-05,
INV100332,C0008,2026-04-20,2026-05-20,10048.14,10048.14,2026-05-18,
INV100679,C0016,2026-04-20,2026-06-04,6833.90,6833.90,2026-07-01,
INV100076,C0002,2026-04-21,2026-06-05,11708.90,11708.90,2026-06-01,
INV100522,C0012,2026-04-21,2026-06-20,8365.95,8365.95,2026-06-19,
INV101156,C0030,2026-04-21,2026-06-20,22968.24,22968.24,2026-06-28,
INV100160,C0004,2026-04-22,2026-06-21,8864.72,8864.72,2026-06-19,
INV100429,C0010,2026-04-22,2026-06-21,9514.26,9514.26,2026-06-20,
INV100477,C0011,2026-04-23,2026-05-23,4285.65,4285.65,2026-05-21,
INV100570,C0013,2026-04-23,2026-06-07,2881.39,2881.39,2026-06-03,
INV100079,C0002,2026-04-26,2026-06-10,4518.35,4518.35,2026-06-09,
INV100161,C0004,2026-04-26,2026-06-25,2418.62,2418.62,2026-06-25,
INV100249,C0006,2026-04-26,2026-06-10,9970.64,9970.64,2026-06-13,
INV100204,C0005,2026-04-27,2026-06-11,11334.65,11334.65,2026-06-12,
INV100573,C0013,2026-04-27,2026-06-11,5658.74,5658.74,2026-06-08,
INV100804,C0020,2026-04-27,2026-05-27,3593.50,3593.50,2026-06-11,
INV101271,C0031,2026-04-27,2026-06-26,36880.43,36880.43,2026-07-06,
INV100121,C0003,2026-04-28,2026-06-27,8081.77,8081.77,2026-06-25,
INV100250,C0006,2026-04-28,2026-06-12,4052.19,4052.19,2026-06-10,
INV100335,C0008,2026-04-28,2026-05-28,11042.21,11042.21,2026-05-25,
INV100524,C0012,2026-04-28,2026-06-27,9419.12,9419.12,2026-06-29,
INV100750,C0018,2026-04-28,2026-05-28,7662.28,7662.28,2026-06-22,
INV100898,C0023,2026-04-28,2026-05-28,6070.85,6070.85,2026-06-02,
INV100162,C0004,2026-04-29,2026-06-28,5766.18,5766.18,2026-06-30,
INV100384,C0009,2026-04-29,2026-05-29,7230.89,7230.89,2026-06-01,
INV100430,C0010,2026-04-29,2026-06-28,3326.54,3326.54,2026-06-26,
INV100526,C0012,2026-04-29,2026-06-28,4644.94,4644.94,2026-06-26,
INV100624,C0014,2026-04-29,2026-06-13,9063.76,9063.76,2026-06-09,
INV100655,C0015,2026-04-29,2026-05-29,3433.45,3433.45,2026-06-19,
INV100714,C0017,2026-04-29,2026-06-28,3790.59,3790.59,2026-08-02,
INV101272,C0031,2026-04-29,2026-06-28,28935.33,28935.33,2026-07-05,
INV100333,C0008,2026-04-30,2026-05-30,10372.92,10372.92,2026-05-25,
INV101010,C0026,2026-04-30,2026-06-14,9926.68,9926.68,2026-06-15,
INV100715,C0017,2026-05-01,2026-06-30,2402.86,2402.86,2026-08-03,
INV101355,C0036,2026-05-01,2026-06-30,4001.08,4001.08,2026-07-12,
INV101167,C0030,2026-05-02,2026-07-01,39903.21,39903.21,2026-07-09,
INV100385,C0009,2026-05-03,2026-06-02,6132.38,6132.38,2026-06-01,
INV100802,C0020,2026-05-03,2026-06-02,4405.23,4405.23,2026-07-01,
INV101061,C0028,2026-05-03,2026-06-17,6953.33,0.00,,
INV100432,C0010,2026-05-04,2026-07-03,2209.18,2209.18,2026-07-02,
INV100625,C0014,2026-05-04,2026-06-18,5187.11,5187.11,2026-06-16,
INV100431,C0010,2026-05-05,2026-07-04,5191.39,5191.39,2026-07-05,
INV100748,C0018,2026-05-05,2026-06-04,7522.14,7522.14,2026-07-02,
INV100803,C0020,2026-05-05,2026-06-04,4083.59,4083.59,2026-07-02,
INV101273,C0031,2026-05-05,2026-07-04,33776.85,33776.85,2026-07-06,
INV101266,C0031,2026-05-06,2026-07-05,26102.43,26102.43,2026-07-09,
INV100933,C0024,2026-05-07,2026-07-06,6592.27,6592.27,2026-07-10,
INV101169,C0030,2026-05-07,2026-07-06,15444.30,15444.30,2026-07-13,
INV101267,C0031,2026-05-07,2026-07-06,22633.34,22633.34,2026-07-16,
INV100836,C0021,2026-05-08,2026-07-07,7037.43,7037.43,2026-08-08,
INV101326,C0035,2026-05-08,2026-06-07,4560.43,0.00,,Y
INV100479,C0011,2026-05-09,2026-06-08,5130.14,5130.14,2026-06-04,
INV100480,C0011,2026-05-09,2026-06-08,4423.96,4423.96,2026-06-09,
INV100205,C0005,2026-05-10,2026-06-24,8149.14,8149.14,2026-06-21,
INV100622,C0014,2026-05-10,2026-06-24,6868.35,6868.35,2026-06-20,
INV101084,C0029,2026-05-10,2026-07-09,5807.81,0.00,,
INV100334,C0008,2026-05-11,2026-06-10,5145.26,5145.26,2026-06-11,
INV100682,C0016,2026-05-11,2026-06-25,4848.29,4848.29,2026-07-10,
INV101270,C0031,2026-05-11,2026-07-10,27333.52,27333.52,2026-07-10,
INV100080,C0002,2026-05-12,2026-06-26,4405.39,4405.39,2026-06-26,
INV100778,C0019,2026-05-12,2026-06-11,8978.32,8978.32,2026-07-14,
INV100897,C0023,2026-05-12,2026-06-11,7975.44,7975.44,2026-06-13,
INV100969,C0025,2026-05-12,2026-06-11,5571.00,5571.00,2026-06-12,
INV101168,C0030,2026-05-12,2026-07-11,16823.36,16823.36,2026-07-18,
INV100203,C0005,2026-05-13,2026-06-27,4034.36,4034.36,2026-06-23,
INV100654,C0015,2026-05-13,2026-06-12,5080.92,5080.92,2026-07-06,
INV100386,C0009,2026-05-14,2026-06-13,3337.27,3337.27,2026-06-13,
INV100572,C0013,2026-05-14,2026-06-28,4422.70,4422.70,2026-06-25,
INV100749,C0018,2026-05-14,2026-06-13,4327.49,4327.49,2026-07-05,
INV100863,C0022,2026-05-14,2026-06-13,5724.51,5724.51,2026-07-08,
INV101354,C0036,2026-05-14,2026-07-13,5622.39,5622.39,2026-07-19,
INV100292,C0007,2026-05-15,2026-06-14,10912.63,10912.63,2026-06-12,
INV100120,C0003,2026-05-16,2026-07-15,2885.66,2885.66,2026-07-14,
INV100206,C0005,2026-05-16,2026-06-30,10694.79,10694.79,2026-07-02,
INV100575,C0013,2026-05-16,2026-06-30,7574.89,7574.89,2026-07-02,
INV101009,C0026,2026-05-16,2026-06-30,8664.38,8664.38,2026-08-27,
INV101353,C0036,2026-05-16,2026-07-15,5426.83,5426.83,2026-08-03,
INV100031,C0001,2026-05-17,2026-07-16,4333.36,4333.36,2026-07-18,
INV100525,C0012,2026-05-17,2026-07-16,10826.82,10826.82,2026-07-19,
INV100968,C0025,2026-05-17,2026-06-16,5262.40,5262.40,2026-08-20,
INV101165,C0030,2026-05-17,2026-07-16,25034.34,25034.34,2026-07-16,
INV101268,C0031,2026-05-17,2026-07-16,24396.58,24396.58,2026-07-24,
INV100481,C0011,2026-05-18,2026-06-17,9126.35,9126.35,2026-06-14,
INV101060,C0028,2026-05-18,2026-07-02,5665.45,0.00,,
INV100293,C0007,2026-05-19,2026-06-18,7385.65,7385.65,2026-06-14,
INV100574,C0013,2026-05-19,2026-07-03,9593.49,9593.49,2026-07-02,
INV101164,C0030,2026-05-19,2026-07-18,19598.74,19598.74,2026-07-23,
INV100294,C0007,2026-05-20,2026-06-19,10408.71,10408.71,2026-06-18,
INV101038,C0027,2026-05-20,2026-06-19,3012.45,0.00,,
INV100653,C0015,2026-05-21,2026-06-20,6512.10,6512.10,2026-07-11,
INV100970,C0025,2026-05-21,2026-06-20,4643.70,4643.70,2026-08-16,
INV101269,C0031,2026-05-21,2026-07-20,31913.77,31913.77,2026-07-30,
INV100032,C0001,2026-05-22,2026-07-21,7891.24,7891.24,2026-07-20,
INV100527,C0012,2026-05-22,2026-07-21,3393.38,3393.38,2026-07-23,
INV100932,C0024,2026-05-22,2026-07-21,4789.31,4789.31,2026-09-09,
INV101166,C0030,2026-05-22,2026-07-21,23795.42,23795.42,2026-07-31,
INV100623,C0014,2026-05-23,2026-07-07,7980.68,7980.68,2026-07-08,
INV100681,C0016,2026-05-23,2026-07-07,2307.66,2307.66,2026-08-14,
INV100777,C0019,2026-05-23,2026-06-22,6351.09,6351.09,2026-07-24,
INV101327,C0035,2026-05-23,2026-06-22,6408.93,6408.93,2026-06-28,
INV100033,C0001,2026-05-26,2026-07-25,3456.76,3456.76,2026-07-28,
INV100123,C0003,2026-05-26,2026-07-25,5391.52,5391.52,2026-07-28,
INV100165,C0004,2026-05-26,2026-07-25,6569.49,6569.49,2026-07-21,
INV100388,C0009,2026-05-26,2026-06-25,11365.91,11365.91,2026-06-23,
INV100483,C0011,2026-05-26,2026-06-25,8215.69,8215.69,2026-06-26,
INV100900,C0023,2026-05-26,2026-06-25,6102.09,6102.09,2026-08-21,
INV101085,C0029,2026-05-26,2026-07-25,6081.08,0.00,,
INV100082,C0002,2026-05-27,2026-07-11,11100.17,11100.17,2026-07-11,
INV100163,C0004,2026-05-27,2026-07-26,8277.67,8277.67,2026-07-29,
INV100433,C0010,2026-05-27,2026-07-26,9157.62,9157.62,2026-07-26,
INV100528,C0012,2026-05-27,2026-07-26,6843.71,6843.71,2026-07-23,
INV100577,C0013,2026-05-27,2026-07-11,9172.10,9172.10,2026-07-06,
INV100578,C0013,2026-05-27,2026-07-11,2147.30,2147.30,2026-07-07,
INV100390,C0009,2026-05-28,2026-06-27,8382.10,8382.10,2026-06-26,
INV100626,C0014,2026-05-28,2026-07-12,11564.20,11564.20,2026-07-15,
INV101039,C0027,2026-05-28,2026-06-27,4485.21,0.00,,
INV101062,C0028,2026-05-28,2026-07-12,7058.34,0.00,,
INV100253,C0006,2026-05-29,2026-07-13,11519.27,11519.27,2026-07-15,
INV100718,C0017,2026-05-29,2026-07-28,5337.24,5337.24,2026-08-21,
INV100935,C0024,2026-05-29,2026-07-28,5490.18,5490.18,2026-09-21,
INV100035,C0001,2026-05-30,2026-07-29,8904.94,8904.94,2026-08-01,
INV100806,C0020,2026-05-30,2026-06-29,2194.73,2194.73,2026-07-22,
INV100971,C0025,2026-05-30,2026-06-29,4437.53,4437.53,2026-09-01,
INV100338,C0008,2026-05-31,2026-06-30,7654.27,7654.27,2026-06-25,
INV100530,C0012,2026-05-31,2026-07-30,7395.43,7395.43,2026-07-25,
INV100531,C0012,2026-05-31,2026-07-30,10407.68,10407.68,2026-08-01,
INV100629,C0014,2026-05-31,2026-07-15,2386.32,2386.32,2026-07-14,
INV101278,C0031,2026-05-31,2026-07-30,33684.34,33684.34,2026-08-09,
INV101170,C0030,2026-06-01,2026-07-31,27118.58,27118.58,2026-08-04,
INV101172,C0030,2026-06-01,2026-07-31,18492.70,18492.70,2026-08-04,
INV100297,C0007,2026-06-02,2026-07-02,3857.36,3857.36,2026-06-30,
INV100657,C0015,2026-06-02,2026-07-02,2231.74,2231.74,2026-07-26,
INV100684,C0016,2026-06-02,2026-07-17,8755.70,8755.70,2026-08-08,
INV100122,C0003,2026-06-03,2026-08-02,10627.75,10627.75,2026-08-04,
INV100716,C0017,2026-06-03,2026-08-02,2133.56,2133.56,2026-09-04,
INV101276,C0031,2026-06-03,2026-08-02,18613.16,18613.16,2026-08-11,
INV101279,C0031,2026-06-03,2026-08-02,30682.39,30682.39,2026-08-05,
INV101280,C0031,2026-06-04,2026-08-03,34321.91,34321.91,2026-08-03,
INV100434,C0010,2026-06-05,2026-08-04,9692.38,9692.38,2026-08-07,
INV100752,C0018,2026-06-05,2026-07-05,3032.32,3032.32,2026-08-02,
INV101275,C0031,2026-06-05,2026-08-04,27061.79,27061.79,2026-08-04,
INV101328,C0035,2026-06-05,2026-07-05,5289.13,0.00,,Y
INV100034,C0001,2026-06-06,2026-08-05,8098.12,8098.12,2026-08-05,
INV100628,C0014,2026-06-06,2026-07-21,11657.68,11657.68,2026-07-19,
INV100339,C0008,2026-06-07,2026-07-07,11385.49,11385.49,2026-07-04,
INV100627,C0014,2026-06-07,2026-07-22,3826.70,3826.70,2026-07-19,
INV100972,C0025,2026-06-07,2026-07-07,6118.63,6118.63,2026-08-30,
INV100208,C0005,2026-06-08,2026-07-23,5436.63,5436.63,2026-07-22,
INV100656,C0015,2026-06-08,2026-07-08,8932.66,8932.66,2026-07-30,
INV100779,C0019,2026-06-08,2026-07-08,6013.06,6013.06,2026-07-27,
INV101281,C0031,2026-06-08,2026-08-07,28705.23,28705.23,2026-08-13,
INV100083,C0002,2026-06-09,2026-07-24,8624.75,8624.75,2026-07-27,
INV100252,C0006,2026-06-09,2026-07-24,4214.43,4214.43,2026-07-23,
INV100435,C0010,2026-06-10,2026-08-09,10513.77,10513.77,2026-08-04,
INV101329,C0035,2026-06-10,2026-07-10,4878.02,4878.02,2026-07-28,
INV101357,C0036,2026-06-10,2026-08-09,4995.36,4995.36,2026-08-16,
INV100484,C0011,2026-06-11,2026-07-11,8752.45,8752.45,2026-07-08,
INV100081,C0002,2026-06-12,2026-07-27,6190.13,6190.13,2026-07-24,
INV100207,C0005,2026-06-12,2026-07-27,3273.11,3273.11,2026-07-29,
INV100717,C0017,2026-06-12,2026-08-11,8489.45,8489.45,2026-09-09,
INV101013,C0026,2026-06-12,2026-07-27,6512.96,0.00,,
INV100295,C0007,2026-06-13,2026-07-13,4676.66,4676.66,2026-07-12,
INV100838,C0021,2026-06-13,2026-08-12,7795.99,7795.99,2026-09-14,
INV101174,C0030,2026-06-13,2026-08-12,38115.17,38115.17,2026-08-12,
INV101175,C0030,2026-06-13,2026-08-12,29969.83,29969.83,2026-08-12,
INV101277,C0031,2026-06-13,2026-08-12,27699.82,27699.82,2026-08-18,
INV100337,C0008,2026-06-14,2026-07-14,10463.51,10463.51,2026-07-16,
INV100685,C0016,2026-06-14,2026-07-29,2867.95,2867.95,2026-08-16,
INV101012,C0026,2026-06-14,2026-07-29,3939.00,3939.00,2026-09-05,
INV101171,C0030,2026-06-14,2026-08-13,29597.74,29597.74,2026-08-14,
INV101274,C0031,2026-06-14,2026-08-13,33745.43,33745.43,2026-08-13,
INV100837,C0021,2026-06-15,2026-08-14,6287.36,6287.36,2026-09-03,
INV100164,C0004,2026-06-16,2026-08-15,4445.60,4445.60,2026-08-14,
INV100576,C0013,2026-06-16,2026-07-31,11323.47,11323.47,2026-07-30,
INV100866,C0022,2026-06-16,2026-07-16,2660.93,2660.93,2026-08-14,
INV101040,C0027,2026-06-16,2026-07-16,6298.14,0.00,,
INV101330,C0035,2026-06-16,2026-07-16,6401.94,0.00,,Y
INV100389,C0009,2026-06-17,2026-07-17,3493.13,3493.13,2026-07-13,
INV100529,C0012,2026-06-17,2026-08-16,6913.72,6913.72,2026-08-18,
INV101356,C0036,2026-06-17,2026-08-16,6403.12,0.00,,Y
INV100166,C0004,2026-06-18,2026-08-17,11325.05,11325.05,2026-08-20,
INV100296,C0007,2026-06-18,2026-07-18,4603.35,4603.35,2026-07-20,
INV100899,C0023,2026-06-18,2026-07-18,4151.25,4151.25,2026-09-09,
INV100934,C0024,2026-06-18,2026-08-17,6422.92,0.00,,
INV100251,C0006,2026-06-19,2026-08-03,10200.04,10200.04,2026-08-01,
INV100865,C0022,2026-06-19,2026-07-19,8559.13,8559.13,2026-08-24,
INV101011,C0026,2026-06-19,2026-08-03,9853.60,9853.60,2026-09-08,
INV101173,C0030,2026-06-19,2026-08-18,37326.62,37326.62,2026-08-21,
INV100336,C0008,2026-06-20,2026-07-20,10565.88,10565.88,2026-07-21,
INV100683,C0016,2026-06-20,2026-08-04,5529.99,5529.99,2026-08-19,
INV100805,C0020,2026-06-20,2026-07-20,2669.20,2669.20,2026-08-26,
INV100936,C0024,2026-06-20,2026-08-19,7221.36,7221.36,2026-09-25,
INV100387,C0009,2026-06-21,2026-07-21,6749.02,6749.02,2026-07-18,
INV100751,C0018,2026-06-21,2026-07-21,6060.64,6060.64,2026-08-12,
INV100864,C0022,2026-06-21,2026-07-21,2384.78,2384.78,2026-08-18,
INV100482,C0011,2026-06-22,2026-07-22,6235.80,6235.80,2026-07-24,
INV100436,C0010,2026-06-25,2026-08-24,6364.50,6364.50,2026-08-20,
INV100687,C0016,2026-06-25,2026-08-09,2223.54,2223.54,2026-09-15,
INV100753,C0018,2026-06-25,2026-07-25,1855.82,1855.82,2026-08-27,
INV100938,C0024,2026-06-25,2026-08-24,8867.14,0.00,,
INV101358,C0036,2026-06-25,2026-08-24,3961.52,3961.52,2026-09-05,
INV100257,C0006,2026-06-26,2026-08-10,4129.49,4129.49,2026-08-07,
INV100342,C0008,2026-06-26,2026-07-26,10838.63,10838.63,2026-07-21,
INV100392,C0009,2026-06-26,2026-07-26,8449.47,8449.47,2026-07-29,
INV100487,C0011,2026-06-26,2026-07-26,4512.23,4512.23,2026-07-24,
INV100630,C0014,2026-06-26,2026-08-10,11027.55,11027.55,2026-08-05,
INV101282,C0031,2026-06-27,2026-08-26,35122.59,35122.59,2026-09-05,
INV100039,C0001,2026-06-28,2026-08-27,6815.23,6815.23,2026-08-28,
INV101180,C0030,2026-06-28,2026-08-27,34693.15,34693.15,2026-08-31,
INV100085,C0002,2026-06-29,2026-08-13,7318.25,7318.25,2026-08-16,
INV100126,C0003,2026-06-30,2026-08-29,4618.95,4618.95,2026-08-26,
INV100254,C0006,2026-06-30,2026-08-14,10964.76,10964.76,2026-08-16,
INV100488,C0011,2026-06-30,2026-07-30,9162.16,9162.16,2026-07-28,
INV100535,C0012,2026-06-30,2026-08-29,8370.41,8370.41,2026-08-24,
INV100658,C0015,2026-06-30,2026-07-30,1931.12,1931.12,2026-09-06,
INV101285,C0031,2026-06-30,2026-08-29,35837.44,35837.44,2026-09-05,
INV101289,C0031,2026-06-30,2026-08-29,22700.04,22700.04,2026-09-06,
INV101176,C0030,2026-07-01,2026-08-30,38610.03,38610.03,2026-09-09,
INV101331,C0035,2026-07-01,2026-07-31,2559.41,2559.41,2026-08-10,
INV101332,C0035,2026-07-01,2026-07-31,2382.25,2382.25,2026-08-05,
INV101333,C0035,2026-07-01,2026-07-31,5951.19,5951.19,2026-08-11,
INV100124,C0003,2026-07-03,2026-09-01,8217.03,8217.03,2026-08-27,
INV100168,C0004,2026-07-03,2026-09-01,10092.19,10092.19,2026-08-31,
INV100686,C0016,2026-07-03,2026-08-17,5665.20,5665.20,2026-09-01,
INV100937,C0024,2026-07-03,2026-09-01,5480.48,0.00,,
INV101014,C0026,2026-07-03,2026-08-17,9578.23,0.00,,
INV100298,C0007,2026-07-04,2026-08-03,10841.68,10841.68,2026-08-01,
INV100579,C0013,2026-07-04,2026-08-18,5124.95,5124.95,2026-08-15,
INV100659,C0015,2026-07-04,2026-08-03,2582.63,2582.63,2026-09-07,
INV100868,C0022,2026-07-04,2026-08-03,1592.78,1592.78,2026-09-02,
INV101177,C0030,2026-07-04,2026-09-02,16251.39,16251.39,2026-09-07,
INV100299,C0007,2026-07-05,2026-08-04,2648.04,2648.04,2026-08-03,
INV100485,C0011,2026-07-05,2026-08-04,9781.79,9781.79,2026-08-05,
INV100581,C0013,2026-07-05,2026-08-19,5675.66,5675.66,2026-08-21,
INV101179,C0030,2026-07-05,2026-09-03,33558.80,33558.80,2026-09-05,
INV100340,C0008,2026-07-06,2026-08-05,3230.57,3230.57,2026-08-03,
INV100393,C0009,2026-07-06,2026-08-05,7947.24,7947.24,2026-08-07,
INV100437,C0010,2026-07-06,2026-09-04,6689.42,6689.42,2026-08-30,
INV101087,C0029,2026-07-06,2026-09-04,5140.32,0.00,,
INV101178,C0030,2026-07-06,2026-09-04,26240.59,26240.59,2026-09-07,
INV101287,C0031,2026-07-06,2026-09-04,37343.04,37343.04,2026-09-07,
INV100038,C0001,2026-07-07,2026-09-05,5980.70,5980.70,2026-09-06,
INV100210,C0005,2026-07-07,2026-08-21,8559.95,8559.95,2026-08-20,
INV101063,C0028,2026-07-07,2026-08-21,6165.14,0.00,,
INV100255,C0006,2026-07-08,2026-08-22,11103.96,11103.96,2026-08-17,
INV100534,C0012,2026-07-08,2026-09-06,11999.50,11999.50,2026-09-02,
INV100037,C0001,2026-07-09,2026-09-07,10995.33,10995.33,2026-09-10,
INV100808,C0020,2026-07-09,2026-08-08,5002.90,5002.90,2026-09-17,
INV101182,C0030,2026-07-09,2026-09-07,17391.72,17391.72,2026-09-15,
INV100211,C0005,2026-07-10,2026-08-24,7573.22,7573.22,2026-08-25,
INV100901,C0023,2026-07-10,2026-08-09,3595.29,0.00,,
INV100086,C0002,2026-07-11,2026-08-25,2187.05,2187.05,2026-08-27,
INV100125,C0003,2026-07-11,2026-09-09,9095.37,9095.37,2026-09-05,
INV100780,C0019,2026-07-11,2026-08-10,7196.22,7196.22,2026-08-28,
INV100902,C0023,2026-07-11,2026-08-10,6223.32,0.00,,
INV101086,C0029,2026-07-11,2026-09-09,5961.59,0.00,,
INV101288,C0031,2026-07-11,2026-09-09,35186.00,35186.00,2026-09-09,
INV100438,C0010,2026-07-12,2026-09-10,7660.97,7660.97,2026-09-06,
INV100532,C0012,2026-07-13,2026-09-11,6976.06,6976.06,2026-09-10,
INV100719,C0017,2026-07-13,2026-09-11,3662.30,0.00,,
INV100840,C0021,2026-07-13,2026-09-11,4117.79,4117.79,2026-09-26,
INV100973,C0025,2026-07-13,2026-08-12,3464.28,0.00,,
INV101041,C0027,2026-07-13,2026-08-12,3407.67,0.00,,
INV100256,C0006,2026-07-14,2026-08-28,3463.83,3463.83,2026-08-29,
INV100036,C0001,2026-07-15,2026-09-13,8762.00,8762.00,2026-09-08,
INV101283,C0031,2026-07-15,2026-09-13,24512.15,24512.15,2026-09-18,
INV100167,C0004,2026-07-16,2026-09-14,7259.90,7259.90,2026-09-16,
INV100839,C0021,2026-07-17,2026-09-15,5405.85,0.00,,
INV101284,C0031,2026-07-17,2026-09-15,37571.10,37571.10,2026-09-20,
INV100209,C0005,2026-07-18,2026-09-01,9387.45,9387.45,2026-08-31,
INV100341,C0008,2026-07-18,2026-08-17,10156.50,10156.50,2026-08-15,
INV100720,C0017,2026-07-18,2026-09-16,5597.36,0.00,,
INV100974,C0025,2026-07-18,2026-08-17,5159.47,0.00,,
INV101015,C0026,2026-07-18,2026-09-01,4045.21,0.00,,
INV100391,C0009,2026-07-20,2026-08-19,4642.40,4642.40,2026-08-14,
INV100632,C0014,2026-07-20,2026-09-03,7133.34,7133.34,2026-09-05,
INV100809,C0020,2026-07-20,2026-08-19,3301.38,3301.38,2026-09-14,
INV101181,C0030,2026-07-20,2026-09-18,16735.61,16735.61,2026-09-26,
INV100084,C0002,2026-07-21,2026-09-04,11177.21,11177.21,2026-09-07,
INV100486,C0011,2026-07-21,2026-08-20,6898.40,6898.40,2026-08-16,
INV100533,C0012,2026-07-21,2026-09-19,6657.62,6657.62,2026-09-20,
INV100631,C0014,2026-07-21,2026-09-04,11191.10,11191.10,2026-09-03,
INV100807,C0020,2026-07-21,2026-08-20,7405.96,7405.96,2026-09-21,
INV100867,C0022,2026-07-21,2026-08-20,3047.44,3047.44,2026-09-26,
INV101286,C0031,2026-07-21,2026-09-19,16208.10,16208.10,2026-09-27,
INV100580,C0013,2026-07-22,2026-09-05,10349.15,10349.15,2026-08-31,
INV100440,C0010,2026-07-25,2026-09-23,7235.56,7235.56,2026-09-22,
INV100442,C0010,2026-07-25,2026-09-23,5478.04,5478.04,2026-09-19,
INV101088,C0029,2026-07-25,2026-09-23,5337.20,0.00,,
INV100258,C0006,2026-07-26,2026-09-09,9098.59,9098.59,2026-09-06,
INV100396,C0009,2026-07-26,2026-08-25,7315.27,7315.27,2026-08-26,
INV100869,C0022,2026-07-26,2026-08-25,1952.49,1952.49,2026-09-17,
INV101042,C0027,2026-07-26,2026-08-25,2808.99,0.00,,
INV100940,C0024,2026-07-27,2026-09-25,8604.85,0.00,,
INV100975,C0025,2026-07-27,2026-08-26,9448.57,0.00,,
INV100633,C0014,2026-07-28,2026-09-11,3447.98,3447.98,2026-09-06,
INV100781,C0019,2026-07-28,2026-08-27,2070.98,2070.98,2026-09-27,
INV100088,C0002,2026-07-30,2026-09-13,3415.59,3415.59,2026-09-09,
INV100212,C0005,2026-07-30,2026-09-13,8432.05,8432.05,2026-09-09,
INV100395,C0009,2026-07-30,2026-08-29,11035.03,11035.03,2026-08-24,
INV100397,C0009,2026-07-30,2026-08-29,4376.69,4376.69,2026-08-24,
INV100040,C0001,2026-07-31,2026-09-29,2673.48,2673.48,2026-09-27,
INV100213,C0005,2026-07-31,2026-09-14,7006.05,7006.05,2026-09-16,
INV100634,C0014,2026-07-31,2026-09-14,8768.89,8768.89,2026-09-13,
INV100688,C0016,2026-07-31,2026-09-14,3460.64,0.00,,
INV100810,C0020,2026-07-31,2026-08-30,6918.50,6918.50,2026-09-26,
INV101294,C0031,2026-07-31,2026-09-29,30517.89,0.00,,
INV101360,C0036,2026-07-31,2026-09-29,6013.60,0.00,,
INV100721,C0017,2026-08-01,2026-09-30,6377.68,0.00,,
INV101293,C0031,2026-08-02,2026-10-01,22735.09,0.00,,
INV100127,C0003,2026-08-03,2026-10-02,8286.71,0.00,,
INV100754,C0018,2026-08-03,2026-09-02,8402.34,0.00,,
INV100489,C0011,2026-08-05,2026-09-04,3010.87,3010.87,2026-09-06,
INV100583,C0013,2026-08-05,2026-09-19,11538.93,11538.93,2026-09-16,
INV100690,C0016,2026-08-05,2026-09-19,8021.45,0.00,,
INV100722,C0017,2026-08-05,2026-10-04,4956.63,0.00,,
INV101188,C0030,2026-08-05,2026-10-04,33190.60,0.00,,
INV100259,C0006,2026-08-06,2026-09-20,6496.42,6496.42,2026-09-20,
INV100903,C0023,2026-08-06,2026-09-05,9732.73,0.00,,
INV101295,C0031,2026-08-06,2026-10-05,17710.70,0.00,,
INV101361,C0036,2026-08-06,2026-10-05,3202.25,0.00,,
INV100346,C0008,2026-08-07,2026-09-06,5892.12,5892.12,2026-09-06,
INV100041,C0001,2026-08-08,2026-10-07,3623.03,0.00,,
INV100660,C0015,2026-08-08,2026-09-07,7552.67,0.00,,
INV100689,C0016,2026-08-08,2026-09-22,5421.83,0.00,,
INV100977,C0025,2026-08-08,2026-09-07,5498.84,0.00,,
INV101017,C0026,2026-08-08,2026-09-22,9876.32,0.00,,
INV101184,C0030,2026-08-08,2026-10-07,15897.47,0.00,,
INV100723,C0017,2026-08-09,2026-10-08,5017.24,2508.62,,
INV100300,C0007,2026-08-10,2026-09-09,7263.09,7263.09,2026-09-05,
INV100394,C0009,2026-08-10,2026-09-09,9335.22,9335.22,2026-09-07,
INV100491,C0011,2026-08-10,2026-09-09,2161.06,2161.06,2026-09-09,
INV100492,C0011,2026-08-10,2026-09-09,5428.52,5428.52,2026-09-11,
INV101016,C0026,2026-08-10,2026-09-24,3203.30,0.00,,
INV101185,C0030,2026-08-10,2026-10-09,29480.96,0.00,,
INV100490,C0011,2026-08-11,2026-09-10,4049.82,4049.82,2026-09-12,
INV101064,C0028,2026-08-11,2026-09-25,6008.08,0.00,,
INV101306,C0034,2026-08-11,2026-09-10,4222.93,4222.93,2026-09-12,
INV101334,C0035,2026-08-11,2026-09-10,5777.73,5777.73,2026-09-24,
INV100976,C0025,2026-08-12,2026-09-11,4251.20,0.00,,
INV101065,C0028,2026-08-12,2026-09-26,2005.59,0.00,,
INV101089,C0029,2026-08-12,2026-10-11,3558.00,0.00,,
INV101187,C0030,2026-08-12,2026-10-11,35929.76,0.00,,
INV101291,C0031,2026-08-12,2026-10-11,22440.81,0.00,,
INV100087,C0002,2026-08-13,2026-09-27,2039.32,2039.32,2026-09-24,
INV100344,C0008,2026-08-13,2026-09-12,6557.33,6557.33,2026-09-11,
INV100536,C0012,2026-08-13,2026-10-12,2458.70,0.00,,
INV100755,C0018,2026-08-13,2026-09-12,8987.46,0.00,,
INV100301,C0007,2026-08-14,2026-09-13,6639.16,6639.16,2026-09-08,
INV100345,C0008,2026-08-14,2026-09-13,6200.72,6200.72,2026-09-11,
INV100584,C0013,2026-08-14,2026-09-28,10018.49,10018.49,2026-09-30,
INV100811,C0020,2026-08-14,2026-09-13,8688.02,0.00,,
INV101186,C0030,2026-08-14,2026-10-13,32412.65,0.00,,
INV101359,C0036,2026-08-14,2026-10-13,2191.45,0.00,,
INV100582,C0013,2026-08-15,2026-09-29,3664.70,3664.70,2026-09-25,
INV101290,C0031,2026-08-15,2026-10-14,22799.30,0.00,,
INV100169,C0004,2026-08-17,2026-10-16,9564.41,0.00,,
INV100170,C0004,2026-08-17,2026-10-16,8499.32,0.00,,
INV100260,C0006,2026-08-17,2026-10-01,3132.06,3132.06,2026-09-27,
INV100128,C0003,2026-08-18,2026-10-17,4058.72,0.00,,
INV100441,C0010,2026-08-18,2026-10-17,9505.18,0.00,,
INV101292,C0031,2026-08-18,2026-10-17,39173.15,0.00,,
INV100537,C0012,2026-08-19,2026-10-18,11817.13,0.00,,
INV100904,C0023,2026-08-19,2026-09-18,8667.87,0.00,,
INV100939,C0024,2026-08-19,2026-10-18,3146.70,0.00,,
INV101183,C0030,2026-08-19,2026-10-18,19034.27,0.00,,
INV101305,C0033,2026-08-19,2026-10-03,3579.09,0.00,,
INV100343,C0008,2026-08-20,2026-09-19,5242.03,5242.03,2026-09-20,
INV100439,C0010,2026-08-20,2026-10-19,4871.10,0.00,,
INV100841,C0021,2026-08-20,2026-10-19,7227.78,0.00,,
INV100302,C0007,2026-08-24,2026-09-23,6747.63,6747.63,2026-09-21,
INV100348,C0008,2026-08-24,2026-09-23,8188.92,8188.92,2026-09-25,
INV100398,C0009,2026-08-24,2026-09-23,8126.40,8126.40,2026-09-21,
INV100661,C0015,2026-08-24,2026-09-23,7421.74,0.00,,
INV100042,C0001,2026-08-25,2026-10-24,3023.80,0.00,,
INV100089,C0002,2026-08-25,2026-10-09,5259.82,0.00,,
INV100131,C0003,2026-08-25,2026-10-24,2153.46,0.00,,
INV100539,C0012,2026-08-25,2026-10-24,4133.62,0.00,,
INV100783,C0019,2026-08-25,2026-09-24,6375.75,0.00,,
INV101300,C0031,2026-08-25,2026-10-24,18801.76,0.00,,
INV100691,C0016,2026-08-27,2026-10-11,4986.34,0.00,,
INV100871,C0022,2026-08-27,2026-09-26,2709.90,0.00,,
INV100399,C0009,2026-08-28,2026-09-27,6131.78,6131.78,2026-09-30,
INV101192,C0030,2026-08-28,2026-10-27,21532.02,0.00,,
INV100217,C0005,2026-08-29,2026-10-13,5419.55,0.00,,
INV101189,C0030,2026-08-29,2026-10-28,31568.65,0.00,,
INV100870,C0022,2026-08-30,2026-09-29,2329.47,0.00,,
INV101303,C0032,2026-08-30,2026-09-29,3408.58,0.00,,
INV100214,C0005,2026-08-31,2026-10-15,6529.86,0.00,,
INV100724,C0017,2026-08-31,2026-10-30,2916.03,0.00,,
INV101193,C0030,2026-08-31,2026-10-30,17926.77,0.00,,
INV100092,C0002,2026-09-01,2026-10-16,2421.99,0.00,,
INV100445,C0010,2026-09-01,2026-10-31,7780.07,0.00,,
INV100692,C0016,2026-09-01,2026-10-16,2325.30,0.00,,
INV100979,C0025,2026-09-01,2026-10-01,9284.12,0.00,,
INV101194,C0030,2026-09-01,2026-10-31,28399.66,0.00,,
INV101297,C0031,2026-09-01,2026-10-31,17811.71,0.00,,
INV100587,C0013,2026-09-02,2026-10-17,4799.07,0.00,,
INV100907,C0023,2026-09-02,2026-10-02,9056.84,0.00,,
INV101090,C0029,2026-09-02,2026-11-01,6309.08,0.00,,
INV100261,C0006,2026-09-03,2026-10-18,3906.84,0.00,,
INV101190,C0030,2026-09-03,2026-11-02,15123.79,0.00,,
INV101195,C0030,2026-09-03,2026-11-02,26695.34,0.00,,
INV100662,C0015,2026-09-04,2026-10-04,4764.37,0.00,,
INV100637,C0014,2026-09-05,2026-10-20,3241.44,0.00,,
INV100638,C0014,2026-09-05,2026-10-20,3685.77,0.00,,
INV101067,C0028,2026-09-05,2026-10-20,3406.61,0.00,,
INV101296,C0031,2026-09-05,2026-11-04,22990.65,0.00,,
INV101302,C0031,2026-09-06,2026-11-05,33815.79,0.00,,
INV100349,C0008,2026-09-07,2026-10-07,4352.51,0.00,,
INV101019,C0026,2026-09-07,2026-10-22,4484.65,0.00,,
INV101298,C0031,2026-09-07,2026-11-06,27531.39,0.00,,
INV100444,C0010,2026-09-08,2026-11-07,7925.55,0.00,,
INV100538,C0012,2026-09-08,2026-11-07,9571.72,0.00,,
INV100636,C0014,2026-09-08,2026-10-23,5239.18,0.00,,
INV100906,C0023,2026-09-08,2026-10-08,7595.48,0.00,,
INV101301,C0031,2026-09-08,2026-11-07,31534.00,0.00,,
INV100090,C0002,2026-09-09,2026-10-24,7554.42,0.00,,
INV100347,C0008,2026-09-09,2026-10-09,6383.53,0.00,,
INV100812,C0020,2026-09-09,2026-10-09,3033.34,0.00,,
INV101066,C0028,2026-09-09,2026-10-24,4054.15,0.00,,
INV100043,C0001,2026-09-10,2026-11-09,3014.64,0.00,,
INV100091,C0002,2026-09-10,2026-10-25,2568.23,0.00,,
INV100132,C0003,2026-09-10,2026-11-09,11780.52,0.00,,
INV100216,C0005,2026-09-10,2026-10-25,3924.07,0.00,,
INV100941,C0024,2026-09-10,2026-11-09,9517.70,0.00,,
INV101362,C0036,2026-09-10,2026-11-09,5193.20,0.00,,
INV100635,C0014,2026-09-11,2026-10-26,6412.80,0.00,,
INV100725,C0017,2026-09-11,2026-11-10,4473.41,0.00,,
INV100905,C0023,2026-09-11,2026-10-11,6997.88,0.00,,
INV101043,C0027,2026-09-11,2026-10-11,4582.98,0.00,,
INV100044,C0001,2026-09-12,2026-11-11,2255.01,0.00,,
INV100045,C0001,2026-09-12,2026-11-11,5762.29,0.00,,
INV100173,C0004,2026-09-12,2026-11-11,8327.93,0.00,,
INV100757,C0018,2026-09-12,2026-10-12,6571.70,0.00,,
INV100540,C0012,2026-09-13,2026-11-12,3269.02,0.00,,
INV101018,C0026,2026-09-13,2026-10-28,9386.47,0.00,,
INV101299,C0031,2026-09-13,2026-11-12,18996.18,0.00,,
INV100129,C0003,2026-09-14,2026-11-13,3779.00,0.00,,
INV100172,C0004,2026-09-14,2026-11-13,4873.19,0.00,,
INV100493,C0011,2026-09-14,2026-10-14,3838.03,0.00,,
INV100756,C0018,2026-09-14,2026-10-14,4725.42,0.00,,
INV100758,C0018,2026-09-14,2026-10-14,2012.02,1006.01,,
INV100443,C0010,2026-09-15,2026-11-14,9967.72,0.00,,
INV100813,C0020,2026-09-15,2026-10-15,8984.39,0.00,,
INV100262,C0006,2026-09-16,2026-10-31,6676.16,0.00,,
INV101335,C0035,2026-09-16,2026-10-16,5612.67,0.00,,Y
INV100215,C0005,2026-09-17,2026-11-01,6499.60,0.00,,
INV100494,C0011,2026-09-17,2026-10-17,11326.92,0.00,,
INV100585,C0013,2026-09-17,2026-11-01,9862.42,0.00,,
INV101307,C0034,2026-09-17,2026-10-17,4486.51,0.00,,
INV100130,C0003,2026-09-18,2026-11-17,2181.63,0.00,,
INV100586,C0013,2026-09-18,2026-11-02,9547.70,0.00,,
INV100303,C0007,2026-09-19,2026-10-19,6482.97,0.00,,
INV100782,C0019,2026-09-19,2026-10-19,5006.38,0.00,,
INV100942,C0024,2026-09-19,2026-11-18,4009.69,0.00,,
INV100978,C0025,2026-09-19,2026-10-19,6391.61,0.00,,
INV100171,C0004,2026-09-20,2026-11-19,5825.60,0.00,,
INV100842,C0021,2026-09-20,2026-11-19,5888.43,2944.22,,
INV101191,C0030,2026-09-20,2026-11-19,35919.45,0.00,,
INV100093,C0002,2026-09-23,2026-11-07,9599.93,0.00,,
INV100219,C0005,2026-09-23,2026-11-07,9496.58,0.00,,
INV100588,C0013,2026-09-23,2026-11-07,10312.88,0.00,,
INV100639,C0014,2026-09-23,2026-11-07,6678.98,0.00,,
INV100943,C0024,2026-09-23,2026-11-22,3173.31,0.00,,
INV100495,C0011,2026-09-24,2026-10-24,4524.58,0.00,,
INV100496,C0011,2026-09-24,2026-10-24,2133.08,0.00,,
INV100785,C0019,2026-09-24,2026-10-24,3499.58,0.00,,
INV101044,C0027,2026-09-24,2026-10-24,7944.68,0.00,,
INV101196,C0030,2026-09-24,2026-11-23,27669.58,0.00,,
INV101304,C0032,2026-09-25,2026-10-25,4543.56,0.00,,
INV100174,C0004,2026-09-27,2026-11-26,5317.73,0.00,,
INV100784,C0019,2026-09-27,2026-10-27,6865.93,0.00,,
INV100663,C0015,2026-09-28,2026-10-28,2535.56,0.00,,
INV100872,C0022,2026-09-28,2026-10-28,5681.49,2840.74,,
INV100980,C0025,2026-09-28,2026-10-28,7385.15,0.00,,
INV100446,C0010,2026-09-29,2026-11-28,11382.89,0.00,,
INV100908,C0023,2026-09-29,2026-10-29,4557.38,0.00,,
INV101197,C0030,2026-09-29,2026-11-28,22087.09,0.00,,
INV101198,C0030,2026-09-29,2026-11-28,39700.96,0.00,,
INV100133,C0003,2026-09-30,2026-11-29,11346.43,0.00,,
INV100218,C0005,2026-09-30,2026-11-14,5683.05,0.00,,
INV100304,C0007,2026-09-30,2026-10-30,3192.17,0.00,,
INV100664,C0015,2026-09-30,2026-10-30,6837.14,0.00,,
INV100814,C0020,2026-09-30,2026-10-30,4531.13,0.00,,
INV101091,C0029,2026-09-30,2026-11-29,3592.42,0.00,,
