client,txn_id,date,description,category,amount,vat,tax_treatment,allowable,disallowed,vat_treatment,vat_recoverable,rules,authority,params,review_id,provisional,note
c01-asha-patel,transactions:2,2025-04-05,Cloud software subscriptions,software,100.00,0.00,allow,100.00,0.00,not_registered,0.00,EXP-ORD-01 VAT-NOTREG-01,CTA 2009 s54; ITTOIA 2005 s34; VATA 1994 s3; VATA 1994 s24; VATA 1994 s26,,,,
c01-asha-patel,transactions:3,2025-04-12,Mobile and broadband,telephone,40.00,0.00,partial,32.00,8.00,not_registered,0.00,EXP-PRIV-01 VAT-NOTREG-01,ITTOIA 2005 s34(2); VATA 1994 s3; VATA 1994 s24; VATA 1994 s26,,,,20% private/non-business use disallowed
c01-asha-patel,transactions:4,2025-04-28,Consultancy fees,sales,6500.00,0.00,taxable,6500.00,0.00,n/a,0.00,INC-TRADE-01,CTA 2009 s35; ITTOIA 2005 s5,,,,
c01-asha-patel,transactions:5,2025-05-05,Cloud software subscriptions,software,100.00,0.00,allow,100.00,0.00,not_registered,0.00,EXP-ORD-01 VAT-NOTREG-01,CTA 2009 s54; ITTOIA 2005 s34; VATA 1994 s3; VATA 1994 s24; VATA 1994 s26,,,,
c01-asha-patel,transactions:6,2025-05-12,Mobile and broadband,telephone,40.00,0.00,partial,32.00,8.00,not_registered,0.00,EXP-PRIV-01 VAT-NOTREG-01,ITTOIA 2005 s34(2); VATA 1994 s3; VATA 1994 s24; VATA 1994 s26,,,,20% private/non-business use disallowed
c01-asha-patel,transactions:7,2025-05-28,Consultancy fees,sales,6500.00,0.00,taxable,6500.00,0.00,n/a,0.00,INC-TRADE-01,CTA 2009 s35; ITTOIA 2005 s5,,,,
c01-asha-patel,transactions:8,2025-06-05,Cloud software subscriptions,software,100.00,0.00,allow,100.00,0.00,not_registered,0.00,EXP-ORD-01 VAT-NOTREG-01,CTA 2009 s54; ITTOIA 2005 s34; VATA 1994 s3; VATA 1994 s24; VATA 1994 s26,,,,
c01-asha-patel,transactions:9,2025-06-10,Professional indemnity insurance,insurance,600.00,0.00,allow,600.00,0.00,not_registered,0.00,EXP-ORD-01 VAT-NOTREG-01,CTA 2009 s54; ITTOIA 2005 s34; VATA 1994 s3; VATA 1994 s24; VATA 1994 s26,,,,
c01-asha-patel,transactions:10,2025-06-12,Mobile and broadband,telephone,40.00,0.00,partial,32.00,8.00,not_registered,0.00,EXP-PRIV-01 VAT-NOTREG-01,ITTOIA 2005 s34(2); VATA 1994 s3; VATA 1994 s24; VATA 1994 s26,,,,20% private/non-business use disallowed
c01-asha-patel,transactions:11,2025-06-28,Consultancy fees,sales,6500.00,0.00,taxable,6500.00,0.00,n/a,0.00,INC-TRADE-01,CTA 2009 s35; ITTOIA 2005 s5,,,,
c01-asha-patel,transactions:12,2025-07-05,Cloud software subscriptions,software,100.00,0.00,allow,100.00,0.00,not_registered,0.00,EXP-ORD-01 VAT-NOTREG-01,CTA 2009 s54; ITTOIA 2005 s34; VATA 1994 s3; VATA 1994 s24; VATA 1994 s26,,,,
c01-asha-patel,transactions:13,2025-07-08,Laptop,fixed_assets,1500.00,0.00,capital,0.00,1500.00,not_registered,0.00,EXP-CAP-01 VAT-NOTREG-01,CTA 2009 s53; ITTOIA 2005 s33; CAA 2001 s11; VATA 1994 s3; VATA 1994 s24; VATA 1994 s26,,,,
c01-asha-patel,transactions:14,2025-07-12,Mobile and broadband,telephone,40.00,0.00,partial,32.00,8.00,not_registered,0.00,EXP-PRIV-01 VAT-NOTREG-01,ITTOIA 2005 s34(2); VATA 1994 s3; VATA 1994 s24; VATA 1994 s26,,,,20% private/non-business use disallowed
c01-asha-patel,transactions:15,2025-07-28,Consultancy fees,sales,6500.00,0.00,taxable,6500.00,0.00,n/a,0.00,INC-TRADE-01,CTA 2009 s35; ITTOIA 2005 s5,,,,
c01-asha-patel,transactions:16,2025-08-05,Cloud software subscriptions,software,100.00,0.00,allow,100.00,0.00,not_registered,0.00,EXP-ORD-01 VAT-NOTREG-01,CTA 2009 s54; ITTOIA 2005 s34; VATA 1994 s3; VATA 1994 s24; VATA 1994 s26,,,,
c01-asha-patel,transactions:17,2025-08-12,Mobile and broadband,telephone,40.00,0.00,partial,32.00,8.00,not_registered,0.00,EXP-PRIV-01 VAT-NOTREG-01,ITTOIA 2005 s34(2); VATA 1994 s3; VATA 1994 s24; VATA 1994 s26,,,,20% private/non-business use disallowed
c01-asha-patel,transactions:18,2025-08-28,Consultancy fees,sales,6500.00,0.00,taxable,6500.00,0.00,n/a,0.00,INC-TRADE-01,CTA 2009 s35; ITTOIA 2005 s5,,,,
c01-asha-patel,transactions:19,2025-09-05,Cloud software subscriptions,software,100.00,0.00,allow,100.00,0.00,not_registered,0.00,EXP-ORD-01 VAT-NOTREG-01,CTA 2009 s54; ITTOIA 2005 s34; VATA 1994 s3; VATA 1994 s24; VATA 1994 s26,,,,
c01-asha-patel,transactions:20,2025-09-12,Mobile and broadband,telephone,40.00,0.00,partial,32.00,8.00,not_registered,0.00,EXP-PRIV-01 VAT-NOTREG-01,ITTOIA 2005 s34(2); VATA 1994 s3; VATA 1994 s24; VATA 1994 s26,,,,20% private/non-business use disallowed
c01-asha-patel,transactions:21,2025-09-18,Data visualisation refresher course,training,500.00,0.00,allow,500.00,0.00,not_registered,0.00,EXP-TRAIN-01 VAT-NOTREG-01,CTA 2009 s54; ITTOIA 2005 s34; VATA 1994 s3; VATA 1994 s24; VATA 1994 s26,,,,
c01-asha-patel,transactions:22,2025-09-28,Consultancy fees,sales,6500.00,0.00,taxable,6500.00,0.00,n/a,0.00,INC-TRADE-01,CTA 2009 s35; ITTOIA 2005 s5,,,,
c01-asha-patel,transactions:23,2025-10-05,Cloud software subscriptions,software,100.00,0.00,allow,100.00,0.00,not_registered,0.00,EXP-ORD-01 VAT-NOTREG-01,CTA 2009 s54; ITTOIA 2005 s34; VATA 1994 s3; VATA 1994 s24; VATA 1994 s26,,,,
c01-asha-patel,transactions:24,2025-10-12,Mobile and broadband,telephone,40.00,0.00,partial,32.00,8.00,not_registered,0.00,EXP-PRIV-01 VAT-NOTREG-01,ITTOIA 2005 s34(2); VATA 1994 s3; VATA 1994 s24; VATA 1994 s26,,,,20% private/non-business use disallowed
c01-asha-patel,transactions:25,2025-10-28,Consultancy fees,sales,6500.00,0.00,taxable,6500.00,0.00,n/a,0.00,INC-TRADE-01,CTA 2009 s35; ITTOIA 2005 s5,,,,
c01-asha-patel,transactions:26,2025-11-05,Cloud software subscriptions,software,100.00,0.00,allow,100.00,0.00,not_registered,0.00,EXP-ORD-01 VAT-NOTREG-01,CTA 2009 s54; ITTOIA 2005 s34; VATA 1994 s3; VATA 1994 s24; VATA 1994 s26,,,,
c01-asha-patel,transactions:27,2025-11-12,Mobile and broadband,telephone,40.00,0.00,partial,32.00,8.00,not_registered,0.00,EXP-PRIV-01 VAT-NOTREG-01,ITTOIA 2005 s34(2); VATA 1994 s3; VATA 1994 s24; VATA 1994 s26,,,,20% private/non-business use disallowed
c01-asha-patel,transactions:28,2025-11-14,Client lunch - project kick-off,entertainment,350.00,0.00,disallow,0.00,350.00,not_registered,0.00,EXP-ENT-01 VAT-NOTREG-01,CTA 2009 s1298; ITTOIA 2005 s45; SI 1992/3222 art 5; VATA 1994 s3; VATA 1994 s24; VATA 1994 s26,,,,
c01-asha-patel,transactions:29,2025-11-28,Consultancy fees,sales,6500.00,0.00,taxable,6500.00,0.00,n/a,0.00,INC-TRADE-01,CTA 2009 s35; ITTOIA 2005 s5,,,,
c01-asha-patel,transactions:30,2025-12-05,Cloud software subscriptions,software,100.00,0.00,allow,100.00,0.00,not_registered,0.00,EXP-ORD-01 VAT-NOTREG-01,CTA 2009 s54; ITTOIA 2005 s34; VATA 1994 s3; VATA 1994 s24; VATA 1994 s26,,,,
c01-asha-patel,transactions:31,2025-12-12,Mobile and broadband,telephone,40.00,0.00,partial,32.00,8.00,not_registered,0.00,EXP-PRIV-01 VAT-NOTREG-01,ITTOIA 2005 s34(2); VATA 1994 s3; VATA 1994 s24; VATA 1994 s26,,,,20% private/non-business use disallowed
c01-asha-patel,transactions:32,2025-12-28,Consultancy fees,sales,6500.00,0.00,taxable,6500.00,0.00,n/a,0.00,INC-TRADE-01,CTA 2009 s35; ITTOIA 2005 s5,,,,
c01-asha-patel,transactions:33,2026-01-05,Cloud software subscriptions,software,100.00,0.00,allow,100.00,0.00,not_registered,0.00,EXP-ORD-01 VAT-NOTREG-01,CTA 2009 s54; ITTOIA 2005 s34; VATA 1994 s3; VATA 1994 s24; VATA 1994 s26,,,,
c01-asha-patel,transactions:34,2026-01-12,Mobile and broadband,telephone,40.00,0.00,partial,32.00,8.00,not_registered,0.00,EXP-PRIV-01 VAT-NOTREG-01,ITTOIA 2005 s34(2); VATA 1994 s3; VATA 1994 s24; VATA 1994 s26,,,,20% private/non-business use disallowed
c01-asha-patel,transactions:35,2026-01-28,Consultancy fees,sales,6500.00,0.00,taxable,6500.00,0.00,n/a,0.00,INC-TRADE-01,CTA 2009 s35; ITTOIA 2005 s5,,,,
c01-asha-patel,transactions:36,2026-02-05,Cloud software subscriptions,software,100.00,0.00,allow,100.00,0.00,not_registered,0.00,EXP-ORD-01 VAT-NOTREG-01,CTA 2009 s54; ITTOIA 2005 s34; VATA 1994 s3; VATA 1994 s24; VATA 1994 s26,,,,
c01-asha-patel,transactions:37,2026-02-12,Mobile and broadband,telephone,40.00,0.00,partial,32.00,8.00,not_registered,0.00,EXP-PRIV-01 VAT-NOTREG-01,ITTOIA 2005 s34(2); VATA 1994 s3; VATA 1994 s24; VATA 1994 s26,,,,20% private/non-business use disallowed
c01-asha-patel,transactions:38,2026-02-20,Accounts and tax return fee,accountancy,900.00,0.00,allow,900.00,0.00,not_registered,0.00,EXP-ORD-01 VAT-NOTREG-01,CTA 2009 s54; ITTOIA 2005 s34; VATA 1994 s3; VATA 1994 s24; VATA 1994 s26,,,,
c01-asha-patel,transactions:39,2026-02-28,Consultancy fees,sales,6500.00,0.00,taxable,6500.00,0.00,n/a,0.00,INC-TRADE-01,CTA 2009 s35; ITTOIA 2005 s5,,,,
c01-asha-patel,transactions:40,2026-03-05,Cloud software subscriptions,software,100.00,0.00,allow,100.00,0.00,not_registered,0.00,EXP-ORD-01 VAT-NOTREG-01,CTA 2009 s54; ITTOIA 2005 s34; VATA 1994 s3; VATA 1994 s24; VATA 1994 s26,,,,
c01-asha-patel,transactions:41,2026-03-12,Mobile and broadband,telephone,40.00,0.00,partial,32.00,8.00,not_registered,0.00,EXP-PRIV-01 VAT-NOTREG-01,ITTOIA 2005 s34(2); VATA 1994 s3; VATA 1994 s24; VATA 1994 s26,,,,20% private/non-business use disallowed
c01-asha-patel,transactions:42,2026-03-28,Consultancy fees,sales,6500.00,0.00,taxable,6500.00,0.00,n/a,0.00,INC-TRADE-01,CTA 2009 s35; ITTOIA 2005 s5,,,,
c01-asha-patel,transactions:43,2026-03-31,Depreciation - computer equipment,depreciation,500.00,0.00,disallow,0.00,500.00,not_registered,0.00,EXP-DEP-01 VAT-NOTREG-01,CTA 2009 s53; ITTOIA 2005 s33; VATA 1994 s3; VATA 1994 s24; VATA 1994 s26,,,,
c01-asha-patel,transactions:44,2026-03-31,Business mileage 2025-26 (own car),mileage,900.00,0.00,allow,900.00,0.00,not_registered,0.00,EXP-MILE-01 VAT-NOTREG-01,ITEPA 2003 s229; ITEPA 2003 s230; ITTOIA 2005 s94D; VATA 1994 s3; VATA 1994 s24; VATA 1994 s26,exp.amap_car_first_rate@2025-26; exp.amap_car_later_rate@2025-26; exp.amap_car_threshold_miles@2025-26,,,"2,000 business miles; approved amount £900.00"
c01-asha-patel,transactions:45,2026-03-31,Use of home - simplified flat rate,use_of_home,312.00,0.00,allow,312.00,0.00,not_registered,0.00,EXP-HOME-01 VAT-NOTREG-01,ITTOIA 2005 s94H; VATA 1994 s3; VATA 1994 s24; VATA 1994 s26,exp.home_flat_rates@2025-26,,,101 hours/month for 12 months at £26.00/month = £312.00
c02-brightside,transactions:2,2025-04-01,Studio rent,rent,500.00,0.00,allow,500.00,0.00,none,0.00,EXP-ORD-01 VAT-NONE-01,CTA 2009 s54; ITTOIA 2005 s34; VATA 1994 s24,,,,
c02-brightside,transactions:3,2025-04-03,Design software licences,software,200.00,40.00,allow,200.00,0.00,recover,40.00,EXP-ORD-01 VAT-REC-01,CTA 2009 s54; ITTOIA 2005 s34; VATA 1994 s24; VATA 1994 s25; VATA 1994 s26,,,,
c02-brightside,transactions:4,2025-04-25,Design retainer,sales,6000.00,1200.00,taxable,6000.00,0.00,n/a,0.00,INC-TRADE-01,CTA 2009 s35; ITTOIA 2005 s5,,,,
c02-brightside,transactions:5,2025-04-28,Bank charges,bank_charges,10.00,0.00,allow,10.00,0.00,none,0.00,EXP-ORD-01 VAT-NONE-01,CTA 2009 s54; ITTOIA 2005 s34; VATA 1994 s24,,,,
c02-brightside,transactions:6,2025-04-28,Director's salary,directors_salary,1047.50,0.00,allow,1047.50,0.00,none,0.00,EXP-ORD-01 VAT-NONE-01,CTA 2009 s54; ITTOIA 2005 s34; VATA 1994 s24,,,,
c02-brightside,transactions:7,2025-05-01,Studio rent,rent,500.00,0.00,allow,500.00,0.00,none,0.00,EXP-ORD-01 VAT-NONE-01,CTA 2009 s54; ITTOIA 2005 s34; VATA 1994 s24,,,,
c02-brightside,transactions:8,2025-05-03,Design software licences,software,200.00,40.00,allow,200.00,0.00,recover,40.00,EXP-ORD-01 VAT-REC-01,CTA 2009 s54; ITTOIA 2005 s34; VATA 1994 s24; VATA 1994 s25; VATA 1994 s26,,,,
c02-brightside,transactions:9,2025-05-25,Design retainer,sales,6000.00,1200.00,taxable,6000.00,0.00,n/a,0.00,INC-TRADE-01,CTA 2009 s35; ITTOIA 2005 s5,,,,
c02-brightside,transactions:10,2025-05-28,Bank charges,bank_charges,10.00,0.00,allow,10.00,0.00,none,0.00,EXP-ORD-01 VAT-NONE-01,CTA 2009 s54; ITTOIA 2005 s34; VATA 1994 s24,,,,
c02-brightside,transactions:11,2025-05-28,Director's salary,directors_salary,1047.50,0.00,allow,1047.50,0.00,none,0.00,EXP-ORD-01 VAT-NONE-01,CTA 2009 s54; ITTOIA 2005 s34; VATA 1994 s24,,,,
c02-brightside,transactions:12,2025-06-01,Studio rent,rent,500.00,0.00,allow,500.00,0.00,none,0.00,EXP-ORD-01 VAT-NONE-01,CTA 2009 s54; ITTOIA 2005 s34; VATA 1994 s24,,,,
c02-brightside,transactions:13,2025-06-03,Design software licences,software,200.00,40.00,allow,200.00,0.00,recover,40.00,EXP-ORD-01 VAT-REC-01,CTA 2009 s54; ITTOIA 2005 s34; VATA 1994 s24; VATA 1994 s25; VATA 1994 s26,,,,
c02-brightside,transactions:14,2025-06-25,Design retainer,sales,6000.00,1200.00,taxable,6000.00,0.00,n/a,0.00,INC-TRADE-01,CTA 2009 s35; ITTOIA 2005 s5,,,,
c02-brightside,transactions:15,2025-06-28,Bank charges,bank_charges,10.00,0.00,allow,10.00,0.00,none,0.00,EXP-ORD-01 VAT-NONE-01,CTA 2009 s54; ITTOIA 2005 s34; VATA 1994 s24,,,,
c02-brightside,transactions:16,2025-06-28,Director's salary,directors_salary,1047.50,0.00,allow,1047.50,0.00,none,0.00,EXP-ORD-01 VAT-NONE-01,CTA 2009 s54; ITTOIA 2005 s34; VATA 1994 s24,,,,
c02-brightside,transactions:17,2025-07-01,Studio rent,rent,500.00,0.00,allow,500.00,0.00,none,0.00,EXP-ORD-01 VAT-NONE-01,CTA 2009 s54; ITTOIA 2005 s34; VATA 1994 s24,,,,
c02-brightside,transactions:18,2025-07-03,Design software licences,software,200.00,40.00,allow,200.00,0.00,recover,40.00,EXP-ORD-01 VAT-REC-01,CTA 2009 s54; ITTOIA 2005 s34; VATA 1994 s24; VATA 1994 s25; VATA 1994 s26,,,,
c02-brightside,transactions:19,2025-07-15,Laptop (new),fixed_assets,2000.00,400.00,capital,0.00,2000.00,recover,400.00,EXP-CAP-01 VAT-REC-01,CTA 2009 s53; ITTOIA 2005 s33; CAA 2001 s11; VATA 1994 s24; VATA 1994 s25; VATA 1994 s26,,,,
c02-brightside,transactions:20,2025-07-25,Design retainer,sales,6000.00,1200.00,taxable,6000.00,0.00,n/a,0.00,INC-TRADE-01,CTA 2009 s35; ITTOIA 2005 s5,,,,
c02-brightside,transactions:21,2025-07-28,Bank charges,bank_charges,10.00,0.00,allow,10.00,0.00,none,0.00,EXP-ORD-01 VAT-NONE-01,CTA 2009 s54; ITTOIA 2005 s34; VATA 1994 s24,,,,
c02-brightside,transactions:22,2025-07-28,Director's salary,directors_salary,1047.50,0.00,allow,1047.50,0.00,none,0.00,EXP-ORD-01 VAT-NONE-01,CTA 2009 s54; ITTOIA 2005 s34; VATA 1994 s24,,,,
c02-brightside,transactions:23,2025-08-01,Studio rent,rent,500.00,0.00,allow,500.00,0.00,none,0.00,EXP-ORD-01 VAT-NONE-01,CTA 2009 s54; ITTOIA 2005 s34; VATA 1994 s24,,,,
c02-brightside,transactions:24,2025-08-03,Design software licences,software,200.00,40.00,allow,200.00,0.00,recover,40.00,EXP-ORD-01 VAT-REC-01,CTA 2009 s54; ITTOIA 2005 s34; VATA 1994 s24; VATA 1994 s25; VATA 1994 s26,,,,
c02-brightside,transactions:25,2025-08-04,Parking penalty - company van bay,fines_penalties,60.00,0.00,disallow,0.00,60.00,none,0.00,EXP-FINE-01,CTA 2009 s54; ITTOIA 2005 s34,,,,
c02-brightside,transactions:26,2025-08-25,Design retainer,sales,6000.00,1200.00,taxable,6000.00,0.00,n/a,0.00,INC-TRADE-01,CTA 2009 s35; ITTOIA 2005 s5,,,,
c02-brightside,transactions:27,2025-08-28,Bank charges,bank_charges,10.00,0.00,allow,10.00,0.00,none,0.00,EXP-ORD-01 VAT-NONE-01,CTA 2009 s54; ITTOIA 2005 s34; VATA 1994 s24,,,,
c02-brightside,transactions:28,2025-08-28,Director's salary,directors_salary,1047.50,0.00,allow,1047.50,0.00,none,0.00,EXP-ORD-01 VAT-NONE-01,CTA 2009 s54; ITTOIA 2005 s34; VATA 1994 s24,,,,
c02-brightside,transactions:29,2025-09-01,Studio rent,rent,500.00,0.00,allow,500.00,0.00,none,0.00,EXP-ORD-01 VAT-NONE-01,CTA 2009 s54; ITTOIA 2005 s34; VATA 1994 s24,,,,
c02-brightside,transactions:30,2025-09-03,Design software licences,software,200.00,40.00,allow,200.00,0.00,recover,40.00,EXP-ORD-01 VAT-REC-01,CTA 2009 s54; ITTOIA 2005 s34; VATA 1994 s24; VATA 1994 s25; VATA 1994 s26,,,,
c02-brightside,transactions:31,2025-09-25,Design retainer,sales,6000.00,1200.00,taxable,6000.00,0.00,n/a,0.00,INC-TRADE-01,CTA 2009 s35; ITTOIA 2005 s5,,,,
c02-brightside,transactions:32,2025-09-28,Bank charges,bank_charges,10.00,0.00,allow,10.00,0.00,none,0.00,EXP-ORD-01 VAT-NONE-01,CTA 2009 s54; ITTOIA 2005 s34; VATA 1994 s24,,,,
c02-brightside,transactions:33,2025-09-28,Director's salary,directors_salary,1047.50,0.00,allow,1047.50,0.00,none,0.00,EXP-ORD-01 VAT-NONE-01,CTA 2009 s54; ITTOIA 2005 s34; VATA 1994 s24,,,,
c02-brightside,transactions:35,2025-10-01,Studio rent,rent,500.00,0.00,allow,500.00,0.00,none,0.00,EXP-ORD-01 VAT-NONE-01,CTA 2009 s54; ITTOIA 2005 s34; VATA 1994 s24,,,,
c02-brightside,transactions:36,2025-10-03,Design software licences,software,200.00,40.00,allow,200.00,0.00,recover,40.00,EXP-ORD-01 VAT-REC-01,CTA 2009 s54; ITTOIA 2005 s34; VATA 1994 s24; VATA 1994 s25; VATA 1994 s26,,,,
c02-brightside,transactions:37,2025-10-09,Client dinner - pitch,entertainment,600.00,0.00,disallow,0.00,600.00,blocked,0.00,EXP-ENT-01 VAT-ENT-01,CTA 2009 s1298; ITTOIA 2005 s45; SI 1992/3222 art 5; VATA 1994 s25(7),,,,
c02-brightside,transactions:38,2025-10-25,Design retainer,sales,6000.00,1200.00,taxable,6000.00,0.00,n/a,0.00,INC-TRADE-01,CTA 2009 s35; ITTOIA 2005 s5,,,,
c02-brightside,transactions:39,2025-10-28,Bank charges,bank_charges,10.00,0.00,allow,10.00,0.00,none,0.00,EXP-ORD-01 VAT-NONE-01,CTA 2009 s54; ITTOIA 2005 s34; VATA 1994 s24,,,,
c02-brightside,transactions:40,2025-10-28,Director's salary,directors_salary,1047.50,0.00,allow,1047.50,0.00,none,0.00,EXP-ORD-01 VAT-NONE-01,CTA 2009 s54; ITTOIA 2005 s34; VATA 1994 s24,,,,
c02-brightside,transactions:41,2025-11-01,Studio rent,rent,500.00,0.00,allow,500.00,0.00,none,0.00,EXP-ORD-01 VAT-NONE-01,CTA 2009 s54; ITTOIA 2005 s34; VATA 1994 s24,,,,
c02-brightside,transactions:42,2025-11-03,Design software licences,software,200.00,40.00,allow,200.00,0.00,recover,40.00,EXP-ORD-01 VAT-REC-01,CTA 2009 s54; ITTOIA 2005 s34; VATA 1994 s24; VATA 1994 s25; VATA 1994 s26,,,,
c02-brightside,transactions:43,2025-11-25,Design retainer,sales,6000.00,1200.00,taxable,6000.00,0.00,n/a,0.00,INC-TRADE-01,CTA 2009 s35; ITTOIA 2005 s5,,,,
c02-brightside,transactions:44,2025-11-28,Bank charges,bank_charges,10.00,0.00,allow,10.00,0.00,none,0.00,EXP-ORD-01 VAT-NONE-01,CTA 2009 s54; ITTOIA 2005 s34; VATA 1994 s24,,,,
c02-brightside,transactions:45,2025-11-28,Director's salary,directors_salary,1047.50,0.00,allow,1047.50,0.00,none,0.00,EXP-ORD-01 VAT-NONE-01,CTA 2009 s54; ITTOIA 2005 s34; VATA 1994 s24,,,,
c02-brightside,transactions:46,2025-12-01,Branded notebooks for 20 clients,client_gifts,240.00,48.00,allow,240.00,0.00,recover,48.00,EXP-GIFT-01,CTA 2009 s1300(3); ITTOIA 2005 s47(3); VATA 1994 Sch 4 para 5(2)(a),exp.client_gift_limit@2025-26,,,
c02-brightside,transactions:47,2025-12-01,Studio rent,rent,500.00,0.00,allow,500.00,0.00,none,0.00,EXP-ORD-01 VAT-NONE-01,CTA 2009 s54; ITTOIA 2005 s34; VATA 1994 s24,,,,
c02-brightside,transactions:48,2025-12-03,Design software licences,software,200.00,40.00,allow,200.00,0.00,recover,40.00,EXP-ORD-01 VAT-REC-01,CTA 2009 s54; ITTOIA 2005 s34; VATA 1994 s24; VATA 1994 s25; VATA 1994 s26,,,,
c02-brightside,transactions:49,2025-12-12,Christmas meal (director),staff_entertainment,140.00,28.00,allow,140.00,0.00,recover,28.00,EXP-ENT-02,CTA 2009 s1298(2); ITTOIA 2005 s45(2); ITEPA 2003 s264,,,,
c02-brightside,transactions:50,2025-12-25,Design retainer,sales,6000.00,1200.00,taxable,6000.00,0.00,n/a,0.00,INC-TRADE-01,CTA 2009 s35; ITTOIA 2005 s5,,,,
c02-brightside,transactions:51,2025-12-28,Bank charges,bank_charges,10.00,0.00,allow,10.00,0.00,none,0.00,EXP-ORD-01 VAT-NONE-01,CTA 2009 s54; ITTOIA 2005 s34; VATA 1994 s24,,,,
c02-brightside,transactions:52,2025-12-28,Director's salary,directors_salary,1047.50,0.00,allow,1047.50,0.00,none,0.00,EXP-ORD-01 VAT-NONE-01,CTA 2009 s54; ITTOIA 2005 s34; VATA 1994 s24,,,,
c02-brightside,transactions:53,2026-01-01,Studio rent,rent,500.00,0.00,allow,500.00,0.00,none,0.00,EXP-ORD-01 VAT-NONE-01,CTA 2009 s54; ITTOIA 2005 s34; VATA 1994 s24,,,,
c02-brightside,transactions:54,2026-01-03,Design software licences,software,200.00,40.00,allow,200.00,0.00,recover,40.00,EXP-ORD-01 VAT-REC-01,CTA 2009 s54; ITTOIA 2005 s34; VATA 1994 s24; VATA 1994 s25; VATA 1994 s26,,,,
c02-brightside,transactions:55,2026-01-25,Design retainer,sales,6000.00,1200.00,taxable,6000.00,0.00,n/a,0.00,INC-TRADE-01,CTA 2009 s35; ITTOIA 2005 s5,,,,
c02-brightside,transactions:56,2026-01-28,Bank charges,bank_charges,10.00,0.00,allow,10.00,0.00,none,0.00,EXP-ORD-01 VAT-NONE-01,CTA 2009 s54; ITTOIA 2005 s34; VATA 1994 s24,,,,
c02-brightside,transactions:57,2026-01-28,Director's salary,directors_salary,1047.50,0.00,allow,1047.50,0.00,none,0.00,EXP-ORD-01 VAT-NONE-01,CTA 2009 s54; ITTOIA 2005 s34; VATA 1994 s24,,,,
c02-brightside,transactions:58,2026-02-01,Studio rent,rent,500.00,0.00,allow,500.00,0.00,none,0.00,EXP-ORD-01 VAT-NONE-01,CTA 2009 s54; ITTOIA 2005 s34; VATA 1994 s24,,,,
c02-brightside,transactions:59,2026-02-03,Design software licences,software,200.00,40.00,allow,200.00,0.00,recover,40.00,EXP-ORD-01 VAT-REC-01,CTA 2009 s54; ITTOIA 2005 s34; VATA 1994 s24; VATA 1994 s25; VATA 1994 s26,,,,
c02-brightside,transactions:60,2026-02-25,Design retainer,sales,6000.00,1200.00,taxable,6000.00,0.00,n/a,0.00,INC-TRADE-01,CTA 2009 s35; ITTOIA 2005 s5,,,,
c02-brightside,transactions:61,2026-02-28,Bank charges,bank_charges,10.00,0.00,allow,10.00,0.00,none,0.00,EXP-ORD-01 VAT-NONE-01,CTA 2009 s54; ITTOIA 2005 s34; VATA 1994 s24,,,,
c02-brightside,transactions:62,2026-02-28,Director's salary,directors_salary,1047.50,0.00,allow,1047.50,0.00,none,0.00,EXP-ORD-01 VAT-NONE-01,CTA 2009 s54; ITTOIA 2005 s34; VATA 1994 s24,,,,
c02-brightside,transactions:63,2026-03-01,Studio rent,rent,500.00,0.00,allow,500.00,0.00,none,0.00,EXP-ORD-01 VAT-NONE-01,CTA 2009 s54; ITTOIA 2005 s34; VATA 1994 s24,,,,
c02-brightside,transactions:64,2026-03-03,Design software licences,software,200.00,40.00,allow,200.00,0.00,recover,40.00,EXP-ORD-01 VAT-REC-01,CTA 2009 s54; ITTOIA 2005 s34; VATA 1994 s24; VATA 1994 s25; VATA 1994 s26,,,,
c02-brightside,transactions:65,2026-03-20,Year-end accounts,accountancy,1800.00,360.00,allow,1800.00,0.00,recover,360.00,EXP-ORD-01 VAT-REC-01,CTA 2009 s54; ITTOIA 2005 s34; VATA 1994 s24; VATA 1994 s25; VATA 1994 s26,,,,
c02-brightside,transactions:66,2026-03-25,Design retainer,sales,6000.00,1200.00,taxable,6000.00,0.00,n/a,0.00,INC-TRADE-01,CTA 2009 s35; ITTOIA 2005 s5,,,,
c02-brightside,transactions:67,2026-03-28,Bank charges,bank_charges,10.00,0.00,allow,10.00,0.00,none,0.00,EXP-ORD-01 VAT-NONE-01,CTA 2009 s54; ITTOIA 2005 s34; VATA 1994 s24,,,,
c02-brightside,transactions:68,2026-03-28,Director's salary,directors_salary,1047.50,0.00,allow,1047.50,0.00,none,0.00,EXP-ORD-01 VAT-NONE-01,CTA 2009 s54; ITTOIA 2005 s34; VATA 1994 s24,,,,
c02-brightside,transactions:69,2026-03-31,Depreciation,depreciation,800.00,0.00,disallow,0.00,800.00,none,0.00,EXP-DEP-01 VAT-NONE-01,CTA 2009 s53; ITTOIA 2005 s33; VATA 1994 s24,,,,
c02-brightside,transactions:71,2026-03-31,Employer's NIC 2025-26,employer_nic,1135.50,0.00,allow,1135.50,0.00,none,0.00,EXP-ORD-01 VAT-NONE-01,CTA 2009 s54; ITTOIA 2005 s34; VATA 1994 s24,,,,
c03-northgate,transactions:2,2025-10-01,Unit rent,rent,2500.00,0.00,allow,2500.00,0.00,none,0.00,EXP-ORD-01 VAT-NONE-01,CTA 2009 s54; ITTOIA 2005 s34; VATA 1994 s24,,,,
c03-northgate,transactions:3,2025-10-03,Employers' and public liability,insurance,3000.00,0.00,allow,3000.00,0.00,none,0.00,EXP-ORD-01 VAT-NONE-01,CTA 2009 s54; ITTOIA 2005 s34; VATA 1994 s24,,,,
c03-northgate,transactions:4,2025-10-10,Steel and consumables,cost_of_sales,7000.00,1400.00,allow,7000.00,0.00,recover,1400.00,EXP-ORD-01 VAT-REC-01,CTA 2009 s54; ITTOIA 2005 s34; VATA 1994 s24; VATA 1994 s25; VATA 1994 s26,,,,
c03-northgate,transactions:5,2025-10-15,Electricity,light_heat,600.00,120.00,allow,600.00,0.00,recover,120.00,EXP-ORD-01 VAT-REC-01,CTA 2009 s54; ITTOIA 2005 s34; VATA 1994 s24; VATA 1994 s25; VATA 1994 s26,,,,
c03-northgate,transactions:6,2025-10-18,Telephone,telephone,100.00,20.00,allow,100.00,0.00,recover,20.00,EXP-TEL-01,CTA 2009 s54; ITEPA 2003 s319,,,,
c03-northgate,transactions:7,2025-10-26,Machined components,sales,20000.00,4000.00,taxable,20000.00,0.00,n/a,0.00,INC-TRADE-01,CTA 2009 s35; ITTOIA 2005 s5,,,,
c03-northgate,transactions:8,2025-10-28,Bank charges,bank_charges,45.00,0.00,allow,45.00,0.00,none,0.00,EXP-ORD-01 VAT-NONE-01,CTA 2009 s54; ITTOIA 2005 s34; VATA 1994 s24,,,,
c03-northgate,transactions:9,2025-10-28,Directors' salaries (2),directors_salary,2095.00,0.00,allow,2095.00,0.00,none,0.00,EXP-ORD-01 VAT-NONE-01,CTA 2009 s54; ITTOIA 2005 s34; VATA 1994 s24,,,,
c03-northgate,transactions:10,2025-11-01,Unit rent,rent,2500.00,0.00,allow,2500.00,0.00,none,0.00,EXP-ORD-01 VAT-NONE-01,CTA 2009 s54; ITTOIA 2005 s34; VATA 1994 s24,,,,
c03-northgate,transactions:11,2025-11-10,Steel and consumables,cost_of_sales,7000.00,1400.00,allow,7000.00,0.00,recover,1400.00,EXP-ORD-01 VAT-REC-01,CTA 2009 s54; ITTOIA 2005 s34; VATA 1994 s24; VATA 1994 s25; VATA 1994 s26,,,,
c03-northgate,transactions:12,2025-11-15,Electricity,light_heat,600.00,120.00,allow,600.00,0.00,recover,120.00,EXP-ORD-01 VAT-REC-01,CTA 2009 s54; ITTOIA 2005 s34; VATA 1994 s24; VATA 1994 s25; VATA 1994 s26,,,,
c03-northgate,transactions:13,2025-11-18,Telephone,telephone,100.00,20.00,allow,100.00,0.00,recover,20.00,EXP-TEL-01,CTA 2009 s54; ITEPA 2003 s319,,,,
c03-northgate,transactions:14,2025-11-20,Used lathe,fixed_assets,1500.00,300.00,capital,0.00,1500.00,recover,300.00,EXP-CAP-01 VAT-REC-01,CTA 2009 s53; ITTOIA 2005 s33; CAA 2001 s11; VATA 1994 s24; VATA 1994 s25; VATA 1994 s26,,,,
c03-northgate,transactions:15,2025-11-26,Machined components,sales,20000.00,4000.00,taxable,20000.00,0.00,n/a,0.00,INC-TRADE-01,CTA 2009 s35; ITTOIA 2005 s5,,,,
c03-northgate,transactions:16,2025-11-28,Bank charges,bank_charges,45.00,0.00,allow,45.00,0.00,none,0.00,EXP-ORD-01 VAT-NONE-01,CTA 2009 s54; ITTOIA 2005 s34; VATA 1994 s24,,,,
c03-northgate,transactions:17,2025-11-28,Directors' salaries (2),directors_salary,2095.00,0.00,allow,2095.00,0.00,none,0.00,EXP-ORD-01 VAT-NONE-01,CTA 2009 s54; ITTOIA 2005 s34; VATA 1994 s24,,,,
c03-northgate,transactions:18,2025-12-01,Unit rent,rent,2500.00,0.00,allow,2500.00,0.00,none,0.00,EXP-ORD-01 VAT-NONE-01,CTA 2009 s54; ITTOIA 2005 s34; VATA 1994 s24,,,,
c03-northgate,transactions:19,2025-12-10,Steel and consumables,cost_of_sales,7000.00,1400.00,allow,7000.00,0.00,recover,1400.00,EXP-ORD-01 VAT-REC-01,CTA 2009 s54; ITTOIA 2005 s34; VATA 1994 s24; VATA 1994 s25; VATA 1994 s26,,,,
c03-northgate,transactions:20,2025-12-15,Electricity,light_heat,600.00,120.00,allow,600.00,0.00,recover,120.00,EXP-ORD-01 VAT-REC-01,CTA 2009 s54; ITTOIA 2005 s34; VATA 1994 s24; VATA 1994 s25; VATA 1994 s26,,,,
c03-northgate,transactions:21,2025-12-18,Telephone,telephone,100.00,20.00,allow,100.00,0.00,recover,20.00,EXP-TEL-01,CTA 2009 s54; ITEPA 2003 s319,,,,
c03-northgate,transactions:22,2025-12-26,Machined components,sales,20000.00,4000.00,taxable,20000.00,0.00,n/a,0.00,INC-TRADE-01,CTA 2009 s35; ITTOIA 2005 s5,,,,
c03-northgate,transactions:23,2025-12-28,Bank charges,bank_charges,45.00,0.00,allow,45.00,0.00,none,0.00,EXP-ORD-01 VAT-NONE-01,CTA 2009 s54; ITTOIA 2005 s34; VATA 1994 s24,,,,
c03-northgate,transactions:24,2025-12-28,Directors' salaries (2),directors_salary,2095.00,0.00,allow,2095.00,0.00,none,0.00,EXP-ORD-01 VAT-NONE-01,CTA 2009 s54; ITTOIA 2005 s34; VATA 1994 s24,,,,
c03-northgate,transactions:25,2026-01-01,Unit rent,rent,2500.00,0.00,allow,2500.00,0.00,none,0.00,EXP-ORD-01 VAT-NONE-01,CTA 2009 s54; ITTOIA 2005 s34; VATA 1994 s24,,,,
c03-northgate,transactions:26,2026-01-10,Steel and consumables,cost_of_sales,7000.00,1400.00,allow,7000.00,0.00,recover,1400.00,EXP-ORD-01 VAT-REC-01,CTA 2009 s54; ITTOIA 2005 s34; VATA 1994 s24; VATA 1994 s25; VATA 1994 s26,,,,
c03-northgate,transactions:27,2026-01-15,Electricity,light_heat,600.00,120.00,allow,600.00,0.00,recover,120.00,EXP-ORD-01 VAT-REC-01,CTA 2009 s54; ITTOIA 2005 s34; VATA 1994 s24; VATA 1994 s25; VATA 1994 s26,,,,
c03-northgate,transactions:28,2026-01-18,Telephone,telephone,100.00,20.00,allow,100.00,0.00,recover,20.00,EXP-TEL-01,CTA 2009 s54; ITEPA 2003 s319,,,,
c03-northgate,transactions:29,2026-01-26,Machined components,sales,20000.00,4000.00,taxable,20000.00,0.00,n/a,0.00,INC-TRADE-01,CTA 2009 s35; ITTOIA 2005 s5,,,,
c03-northgate,transactions:30,2026-01-28,Bank charges,bank_charges,45.00,0.00,allow,45.00,0.00,none,0.00,EXP-ORD-01 VAT-NONE-01,CTA 2009 s54; ITTOIA 2005 s34; VATA 1994 s24,,,,
c03-northgate,transactions:31,2026-01-28,Directors' salaries (2),directors_salary,2095.00,0.00,allow,2095.00,0.00,none,0.00,EXP-ORD-01 VAT-NONE-01,CTA 2009 s54; ITTOIA 2005 s34; VATA 1994 s24,,,,
c03-northgate,transactions:32,2026-02-01,Unit rent,rent,2500.00,0.00,allow,2500.00,0.00,none,0.00,EXP-ORD-01 VAT-NONE-01,CTA 2009 s54; ITTOIA 2005 s34; VATA 1994 s24,,,,
c03-northgate,transactions:33,2026-02-10,Steel and consumables,cost_of_sales,7000.00,1400.00,allow,7000.00,0.00,recover,1400.00,EXP-ORD-01 VAT-REC-01,CTA 2009 s54; ITTOIA 2005 s34; VATA 1994 s24; VATA 1994 s25; VATA 1994 s26,,,,
c03-northgate,transactions:34,2026-02-11,Lathe spindle repair,repairs,1800.00,360.00,allow,1800.00,0.00,recover,360.00,EXP-CAP-03 VAT-REC-01,CTA 2009 s54; ITTOIA 2005 s34; VATA 1994 s24; VATA 1994 s25; VATA 1994 s26,,,,
c03-northgate,transactions:35,2026-02-15,Electricity,light_heat,600.00,120.00,allow,600.00,0.00,recover,120.00,EXP-ORD-01 VAT-REC-01,CTA 2009 s54; ITTOIA 2005 s34; VATA 1994 s24; VATA 1994 s25; VATA 1994 s26,,,,
c03-northgate,transactions:36,2026-02-18,Telephone,telephone,100.00,20.00,allow,100.00,0.00,recover,20.00,EXP-TEL-01,CTA 2009 s54; ITEPA 2003 s319,,,,
c03-northgate,transactions:37,2026-02-26,Machined components,sales,20000.00,4000.00,taxable,20000.00,0.00,n/a,0.00,INC-TRADE-01,CTA 2009 s35; ITTOIA 2005 s5,,,,
c03-northgate,transactions:38,2026-02-28,Bank charges,bank_charges,45.00,0.00,allow,45.00,0.00,none,0.00,EXP-ORD-01 VAT-NONE-01,CTA 2009 s54; ITTOIA 2005 s34; VATA 1994 s24,,,,
c03-northgate,transactions:39,2026-02-28,Directors' salaries (2),directors_salary,2095.00,0.00,allow,2095.00,0.00,none,0.00,EXP-ORD-01 VAT-NONE-01,CTA 2009 s54; ITTOIA 2005 s34; VATA 1994 s24,,,,
c03-northgate,transactions:40,2026-03-01,Unit rent,rent,2500.00,0.00,allow,2500.00,0.00,none,0.00,EXP-ORD-01 VAT-NONE-01,CTA 2009 s54; ITTOIA 2005 s34; VATA 1994 s24,,,,
c03-northgate,transactions:41,2026-03-05,Trade directory listing,advertising,240.00,48.00,allow,240.00,0.00,recover,48.00,EXP-ORD-01 VAT-REC-01,CTA 2009 s54; ITTOIA 2005 s34; VATA 1994 s24; VATA 1994 s25; VATA 1994 s26,,,,
c03-northgate,transactions:42,2026-03-10,Steel and consumables,cost_of_sales,7000.00,1400.00,allow,7000.00,0.00,recover,1400.00,EXP-ORD-01 VAT-REC-01,CTA 2009 s54; ITTOIA 2005 s34; VATA 1994 s24; VATA 1994 s25; VATA 1994 s26,,,,
c03-northgate,transactions:43,2026-03-15,Electricity,light_heat,600.00,120.00,allow,600.00,0.00,recover,120.00,EXP-ORD-01 VAT-REC-01,CTA 2009 s54; ITTOIA 2005 s34; VATA 1994 s24; VATA 1994 s25; VATA 1994 s26,,,,
c03-northgate,transactions:44,2026-03-18,Telephone,telephone,100.00,20.00,allow,100.00,0.00,recover,20.00,EXP-TEL-01,CTA 2009 s54; ITEPA 2003 s319,,,,
c03-northgate,transactions:46,2026-03-26,Machined components,sales,20000.00,4000.00,taxable,20000.00,0.00,n/a,0.00,INC-TRADE-01,CTA 2009 s35; ITTOIA 2005 s5,,,,
c03-northgate,transactions:47,2026-03-28,Bank charges,bank_charges,45.00,0.00,allow,45.00,0.00,none,0.00,EXP-ORD-01 VAT-NONE-01,CTA 2009 s54; ITTOIA 2005 s34; VATA 1994 s24,,,,
c03-northgate,transactions:48,2026-03-28,Directors' salaries (2),directors_salary,2095.00,0.00,allow,2095.00,0.00,none,0.00,EXP-ORD-01 VAT-NONE-01,CTA 2009 s54; ITTOIA 2005 s34; VATA 1994 s24,,,,
c03-northgate,transactions:49,2026-04-01,Unit rent,rent,2500.00,0.00,allow,2500.00,0.00,none,0.00,EXP-ORD-01 VAT-NONE-01,CTA 2009 s54; ITTOIA 2005 s34; VATA 1994 s24,,,,
c03-northgate,transactions:50,2026-04-10,Steel and consumables,cost_of_sales,7000.00,1400.00,allow,7000.00,0.00,recover,1400.00,EXP-ORD-01 VAT-REC-01,CTA 2009 s54; ITTOIA 2005 s34; VATA 1994 s24; VATA 1994 s25; VATA 1994 s26,,,,
c03-northgate,transactions:51,2026-04-15,Electricity,light_heat,600.00,120.00,allow,600.00,0.00,recover,120.00,EXP-ORD-01 VAT-REC-01,CTA 2009 s54; ITTOIA 2005 s34; VATA 1994 s24; VATA 1994 s25; VATA 1994 s26,,,,
c03-northgate,transactions:52,2026-04-18,Telephone,telephone,100.00,20.00,allow,100.00,0.00,recover,20.00,EXP-TEL-01,CTA 2009 s54; ITEPA 2003 s319,,,,
c03-northgate,transactions:53,2026-04-26,Machined components,sales,20000.00,4000.00,taxable,20000.00,0.00,n/a,0.00,INC-TRADE-01,CTA 2009 s35; ITTOIA 2005 s5,,,,
c03-northgate,transactions:54,2026-04-28,Bank charges,bank_charges,45.00,0.00,allow,45.00,0.00,none,0.00,EXP-ORD-01 VAT-NONE-01,CTA 2009 s54; ITTOIA 2005 s34; VATA 1994 s24,,,,
c03-northgate,transactions:55,2026-04-28,Directors' salaries (2),directors_salary,2095.00,0.00,allow,2095.00,0.00,none,0.00,EXP-ORD-01 VAT-NONE-01,CTA 2009 s54; ITTOIA 2005 s34; VATA 1994 s24,,,,
c03-northgate,transactions:56,2026-05-01,Unit rent,rent,2500.00,0.00,allow,2500.00,0.00,none,0.00,EXP-ORD-01 VAT-NONE-01,CTA 2009 s54; ITTOIA 2005 s34; VATA 1994 s24,,,,
c03-northgate,transactions:57,2026-05-10,Steel and consumables,cost_of_sales,7000.00,1400.00,allow,7000.00,0.00,recover,1400.00,EXP-ORD-01 VAT-REC-01,CTA 2009 s54; ITTOIA 2005 s34; VATA 1994 s24; VATA 1994 s25; VATA 1994 s26,,,,
c03-northgate,transactions:58,2026-05-15,Electricity,light_heat,600.00,120.00,allow,600.00,0.00,recover,120.00,EXP-ORD-01 VAT-REC-01,CTA 2009 s54; ITTOIA 2005 s34; VATA 1994 s24; VATA 1994 s25; VATA 1994 s26,,,,
c03-northgate,transactions:59,2026-05-18,Telephone,telephone,100.00,20.00,allow,100.00,0.00,recover,20.00,EXP-TEL-01,CTA 2009 s54; ITEPA 2003 s319,,,,
c03-northgate,transactions:60,2026-05-26,Machined components,sales,20000.00,4000.00,taxable,20000.00,0.00,n/a,0.00,INC-TRADE-01,CTA 2009 s35; ITTOIA 2005 s5,,,,
c03-northgate,transactions:61,2026-05-28,Bank charges,bank_charges,45.00,0.00,allow,45.00,0.00,none,0.00,EXP-ORD-01 VAT-NONE-01,CTA 2009 s54; ITTOIA 2005 s34; VATA 1994 s24,,,,
c03-northgate,transactions:62,2026-05-28,Directors' salaries (2),directors_salary,2095.00,0.00,allow,2095.00,0.00,none,0.00,EXP-ORD-01 VAT-NONE-01,CTA 2009 s54; ITTOIA 2005 s34; VATA 1994 s24,,,,
c03-northgate,transactions:63,2026-06-01,Unit rent,rent,2500.00,0.00,allow,2500.00,0.00,none,0.00,EXP-ORD-01 VAT-NONE-01,CTA 2009 s54; ITTOIA 2005 s34; VATA 1994 s24,,,,
c03-northgate,transactions:64,2026-06-10,Steel and consumables,cost_of_sales,7000.00,1400.00,allow,7000.00,0.00,recover,1400.00,EXP-ORD-01 VAT-REC-01,CTA 2009 s54; ITTOIA 2005 s34; VATA 1994 s24; VATA 1994 s25; VATA 1994 s26,,,,
c03-northgate,transactions:65,2026-06-15,Electricity,light_heat,600.00,120.00,allow,600.00,0.00,recover,120.00,EXP-ORD-01 VAT-REC-01,CTA 2009 s54; ITTOIA 2005 s34; VATA 1994 s24; VATA 1994 s25; VATA 1994 s26,,,,
c03-northgate,transactions:66,2026-06-18,Telephone,telephone,100.00,20.00,allow,100.00,0.00,recover,20.00,EXP-TEL-01,CTA 2009 s54; ITEPA 2003 s319,,,,
c03-northgate,transactions:67,2026-06-25,Accounts - short period,accountancy,2400.00,480.00,allow,2400.00,0.00,recover,480.00,EXP-ORD-01 VAT-REC-01,CTA 2009 s54; ITTOIA 2005 s34; VATA 1994 s24; VATA 1994 s25; VATA 1994 s26,,,,
c03-northgate,transactions:68,2026-06-26,Machined components,sales,20000.00,4000.00,taxable,20000.00,0.00,n/a,0.00,INC-TRADE-01,CTA 2009 s35; ITTOIA 2005 s5,,,,
c03-northgate,transactions:69,2026-06-28,Bank charges,bank_charges,45.00,0.00,allow,45.00,0.00,none,0.00,EXP-ORD-01 VAT-NONE-01,CTA 2009 s54; ITTOIA 2005 s34; VATA 1994 s24,,,,
c03-northgate,transactions:70,2026-06-28,Directors' salaries (2),directors_salary,2095.00,0.00,allow,2095.00,0.00,none,0.00,EXP-ORD-01 VAT-NONE-01,CTA 2009 s54; ITTOIA 2005 s34; VATA 1994 s24,,,,
c03-northgate,transactions:71,2026-06-30,Depreciation,depreciation,4000.00,0.00,disallow,0.00,4000.00,none,0.00,EXP-DEP-01 VAT-NONE-01,CTA 2009 s53; ITTOIA 2005 s33; VATA 1994 s24,,,,
c04-ridgeway,transactions:2,2025-04-01,Workshop rent,rent,4000.00,0.00,allow,4000.00,0.00,none,0.00,EXP-ORD-01 VAT-NONE-01,CTA 2009 s54; ITTOIA 2005 s34; VATA 1994 s24,,,,
c04-ridgeway,transactions:3,2025-04-05,Car lease - estate car,car_lease,495.00,90.00,partial,420.75,74.25,partial,45.00,EXP-CAR-01,CTA 2009 s56; CTA 2009 s57; ITTOIA 2005 s48; ITTOIA 2005 s49; SI 1992/3222 art 7(2E),ca.car_lease_co2_threshold@2025-26; ca.car_lease_disallow_pct@2025-26,,,£45.00 input tax not recoverable - added to the cost; 15% restriction
c04-ridgeway,transactions:4,2025-04-10,Timber and hardware,cost_of_sales,22000.00,4400.00,allow,22000.00,0.00,recover,4400.00,EXP-ORD-01 VAT-REC-01,CTA 2009 s54; ITTOIA 2005 s34; VATA 1994 s24; VATA 1994 s25; VATA 1994 s26,,,,
c04-ridgeway,transactions:5,2025-04-15,Electricity and gas,light_heat,1500.00,300.00,allow,1500.00,0.00,recover,300.00,EXP-ORD-01 VAT-REC-01,CTA 2009 s54; ITTOIA 2005 s34; VATA 1994 s24; VATA 1994 s25; VATA 1994 s26,,,,
c04-ridgeway,transactions:6,2025-04-18,Telephone,telephone,150.00,30.00,allow,150.00,0.00,recover,30.00,EXP-TEL-01,CTA 2009 s54; ITEPA 2003 s319,,,,
c04-ridgeway,transactions:7,2025-04-26,Joinery contracts,sales,75000.00,15000.00,taxable,75000.00,0.00,n/a,0.00,INC-TRADE-01,CTA 2009 s35; ITTOIA 2005 s5,,,,
c04-ridgeway,transactions:10,2025-04-28,Staff wages,wages,10000.00,0.00,allow,10000.00,0.00,none,0.00,EXP-ORD-01 VAT-NONE-01,CTA 2009 s54; ITTOIA 2005 s34; VATA 1994 s24,,,,
c04-ridgeway,transactions:8,2025-04-28,Bank charges,bank_charges,50.00,0.00,allow,50.00,0.00,none,0.00,EXP-ORD-01 VAT-NONE-01,CTA 2009 s54; ITTOIA 2005 s34; VATA 1994 s24,,,,
c04-ridgeway,transactions:9,2025-04-28,Director's salary,directors_salary,1047.50,0.00,allow,1047.50,0.00,none,0.00,EXP-ORD-01 VAT-NONE-01,CTA 2009 s54; ITTOIA 2005 s34; VATA 1994 s24,,,,
c04-ridgeway,transactions:11,2025-05-01,Workshop rent,rent,4000.00,0.00,allow,4000.00,0.00,none,0.00,EXP-ORD-01 VAT-NONE-01,CTA 2009 s54; ITTOIA 2005 s34; VATA 1994 s24,,,,
c04-ridgeway,transactions:12,2025-05-05,Car lease - estate car,car_lease,495.00,90.00,partial,420.75,74.25,partial,45.00,EXP-CAR-01,CTA 2009 s56; CTA 2009 s57; ITTOIA 2005 s48; ITTOIA 2005 s49; SI 1992/3222 art 7(2E),ca.car_lease_co2_threshold@2025-26; ca.car_lease_disallow_pct@2025-26,,,£45.00 input tax not recoverable - added to the cost; 15% restriction
c04-ridgeway,transactions:13,2025-05-10,Timber and hardware,cost_of_sales,22000.00,4400.00,allow,22000.00,0.00,recover,4400.00,EXP-ORD-01 VAT-REC-01,CTA 2009 s54; ITTOIA 2005 s34; VATA 1994 s24; VATA 1994 s25; VATA 1994 s26,,,,
c04-ridgeway,transactions:14,2025-05-15,Electricity and gas,light_heat,1500.00,300.00,allow,1500.00,0.00,recover,300.00,EXP-ORD-01 VAT-REC-01,CTA 2009 s54; ITTOIA 2005 s34; VATA 1994 s24; VATA 1994 s25; VATA 1994 s26,,,,
c04-ridgeway,transactions:15,2025-05-18,Telephone,telephone,150.00,30.00,allow,150.00,0.00,recover,30.00,EXP-TEL-01,CTA 2009 s54; ITEPA 2003 s319,,,,
c04-ridgeway,transactions:16,2025-05-26,Joinery contracts,sales,75000.00,15000.00,taxable,75000.00,0.00,n/a,0.00,INC-TRADE-01,CTA 2009 s35; ITTOIA 2005 s5,,,,
c04-ridgeway,transactions:17,2025-05-28,Bank charges,bank_charges,50.00,0.00,allow,50.00,0.00,none,0.00,EXP-ORD-01 VAT-NONE-01,CTA 2009 s54; ITTOIA 2005 s34; VATA 1994 s24,,,,
c04-ridgeway,transactions:18,2025-05-28,Director's salary,directors_salary,1047.50,0.00,allow,1047.50,0.00,none,0.00,EXP-ORD-01 VAT-NONE-01,CTA 2009 s54; ITTOIA 2005 s34; VATA 1994 s24,,,,
c04-ridgeway,transactions:19,2025-05-28,Staff wages,wages,10000.00,0.00,allow,10000.00,0.00,none,0.00,EXP-ORD-01 VAT-NONE-01,CTA 2009 s54; ITTOIA 2005 s34; VATA 1994 s24,,,,
c04-ridgeway,transactions:20,2025-06-01,Workshop rent,rent,4000.00,0.00,allow,4000.00,0.00,none,0.00,EXP-ORD-01 VAT-NONE-01,CTA 2009 s54; ITTOIA 2005 s34; VATA 1994 s24,,,,
c04-ridgeway,transactions:21,2025-06-02,Business insurance,insurance,9600.00,0.00,allow,9600.00,0.00,none,0.00,EXP-ORD-01 VAT-NONE-01,CTA 2009 s54; ITTOIA 2005 s34; VATA 1994 s24,,,,
c04-ridgeway,transactions:22,2025-06-05,Car lease - estate car,car_lease,495.00,90.00,partial,420.75,74.25,partial,45.00,EXP-CAR-01,CTA 2009 s56; CTA 2009 s57; ITTOIA 2005 s48; ITTOIA 2005 s49; SI 1992/3222 art 7(2E),ca.car_lease_co2_threshold@2025-26; ca.car_lease_disallow_pct@2025-26,,,£45.00 input tax not recoverable - added to the cost; 15% restriction
c04-ridgeway,transactions:23,2025-06-10,Timber and hardware,cost_of_sales,22000.00,4400.00,allow,22000.00,0.00,recover,4400.00,EXP-ORD-01 VAT-REC-01,CTA 2009 s54; ITTOIA 2005 s34; VATA 1994 s24; VATA 1994 s25; VATA 1994 s26,,,,
c04-ridgeway,transactions:24,2025-06-12,CNC router (new),fixed_assets,120000.00,24000.00,capital,0.00,120000.00,recover,24000.00,EXP-CAP-01 VAT-REC-01,CTA 2009 s53; ITTOIA 2005 s33; CAA 2001 s11; VATA 1994 s24; VATA 1994 s25; VATA 1994 s26,,,,
c04-ridgeway,transactions:25,2025-06-15,Electricity and gas,light_heat,1500.00,300.00,allow,1500.00,0.00,recover,300.00,EXP-ORD-01 VAT-REC-01,CTA 2009 s54; ITTOIA 2005 s34; VATA 1994 s24; VATA 1994 s25; VATA 1994 s26,,,,
c04-ridgeway,transactions:26,2025-06-18,Telephone,telephone,150.00,30.00,allow,150.00,0.00,recover,30.00,EXP-TEL-01,CTA 2009 s54; ITEPA 2003 s319,,,,
c04-ridgeway,transactions:27,2025-06-26,Joinery contracts,sales,75000.00,15000.00,taxable,75000.00,0.00,n/a,0.00,INC-TRADE-01,CTA 2009 s35; ITTOIA 2005 s5,,,,
c04-ridgeway,transactions:28,2025-06-28,Bank charges,bank_charges,50.00,0.00,allow,50.00,0.00,none,0.00,EXP-ORD-01 VAT-NONE-01,CTA 2009 s54; ITTOIA 2005 s34; VATA 1994 s24,,,,
c04-ridgeway,transactions:29,2025-06-28,Director's salary,directors_salary,1047.50,0.00,allow,1047.50,0.00,none,0.00,EXP-ORD-01 VAT-NONE-01,CTA 2009 s54; ITTOIA 2005 s34; VATA 1994 s24,,,,
c04-ridgeway,transactions:30,2025-06-28,Staff wages,wages,10000.00,0.00,allow,10000.00,0.00,none,0.00,EXP-ORD-01 VAT-NONE-01,CTA 2009 s54; ITTOIA 2005 s34; VATA 1994 s24,,,,
c04-ridgeway,transactions:31,2025-07-01,Company car (95g/km),fixed_assets,32000.00,0.00,capital,0.00,32000.00,blocked,0.00,EXP-CAP-01 VAT-CAR-01,CTA 2009 s53; ITTOIA 2005 s33; CAA 2001 s11; SI 1992/3222 art 7; VATA 1994 s25(7),,,,
c04-ridgeway,transactions:32,2025-07-01,Workshop rent,rent,4000.00,0.00,allow,4000.00,0.00,none,0.00,EXP-ORD-01 VAT-NONE-01,CTA 2009 s54; ITTOIA 2005 s34; VATA 1994 s24,,,,
c04-ridgeway,transactions:33,2025-07-05,Car lease - estate car,car_lease,495.00,90.00,partial,420.75,74.25,partial,45.00,EXP-CAR-01,CTA 2009 s56; CTA 2009 s57; ITTOIA 2005 s48; ITTOIA 2005 s49; SI 1992/3222 art 7(2E),ca.car_lease_co2_threshold@2025-26; ca.car_lease_disallow_pct@2025-26,,,£45.00 input tax not recoverable - added to the cost; 15% restriction
c04-ridgeway,transactions:34,2025-07-10,Timber and hardware,cost_of_sales,22000.00,4400.00,allow,22000.00,0.00,recover,4400.00,EXP-ORD-01 VAT-REC-01,CTA 2009 s54; ITTOIA 2005 s34; VATA 1994 s24; VATA 1994 s25; VATA 1994 s26,,,,
c04-ridgeway,transactions:35,2025-07-15,Electricity and gas,light_heat,1500.00,300.00,allow,1500.00,0.00,recover,300.00,EXP-ORD-01 VAT-REC-01,CTA 2009 s54; ITTOIA 2005 s34; VATA 1994 s24; VATA 1994 s25; VATA 1994 s26,,,,
c04-ridgeway,transactions:36,2025-07-18,Telephone,telephone,150.00,30.00,allow,150.00,0.00,recover,30.00,EXP-TEL-01,CTA 2009 s54; ITEPA 2003 s319,,,,
c04-ridgeway,transactions:37,2025-07-26,Joinery contracts,sales,75000.00,15000.00,taxable,75000.00,0.00,n/a,0.00,INC-TRADE-01,CTA 2009 s35; ITTOIA 2005 s5,,,,
c04-ridgeway,transactions:38,2025-07-28,Bank charges,bank_charges,50.00,0.00,allow,50.00,0.00,none,0.00,EXP-ORD-01 VAT-NONE-01,CTA 2009 s54; ITTOIA 2005 s34; VATA 1994 s24,,,,
c04-ridgeway,transactions:39,2025-07-28,Director's salary,directors_salary,1047.50,0.00,allow,1047.50,0.00,none,0.00,EXP-ORD-01 VAT-NONE-01,CTA 2009 s54; ITTOIA 2005 s34; VATA 1994 s24,,,,
c04-ridgeway,transactions:40,2025-07-28,Staff wages,wages,10000.00,0.00,allow,10000.00,0.00,none,0.00,EXP-ORD-01 VAT-NONE-01,CTA 2009 s54; ITTOIA 2005 s34; VATA 1994 s24,,,,
c04-ridgeway,transactions:41,2025-08-01,Workshop rent,rent,4000.00,0.00,allow,4000.00,0.00,none,0.00,EXP-ORD-01 VAT-NONE-01,CTA 2009 s54; ITTOIA 2005 s34; VATA 1994 s24,,,,
c04-ridgeway,transactions:42,2025-08-05,Car lease - estate car,car_lease,495.00,90.00,partial,420.75,74.25,partial,45.00,EXP-CAR-01,CTA 2009 s56; CTA 2009 s57; ITTOIA 2005 s48; ITTOIA 2005 s49; SI 1992/3222 art 7(2E),ca.car_lease_co2_threshold@2025-26; ca.car_lease_disallow_pct@2025-26,,,£45.00 input tax not recoverable - added to the cost; 15% restriction
c04-ridgeway,transactions:43,2025-08-10,Timber and hardware,cost_of_sales,22000.00,4400.00,allow,22000.00,0.00,recover,4400.00,EXP-ORD-01 VAT-REC-01,CTA 2009 s54; ITTOIA 2005 s34; VATA 1994 s24; VATA 1994 s25; VATA 1994 s26,,,,
c04-ridgeway,transactions:44,2025-08-15,Electricity and gas,light_heat,1500.00,300.00,allow,1500.00,0.00,recover,300.00,EXP-ORD-01 VAT-REC-01,CTA 2009 s54; ITTOIA 2005 s34; VATA 1994 s24; VATA 1994 s25; VATA 1994 s26,,,,
c04-ridgeway,transactions:45,2025-08-18,Telephone,telephone,150.00,30.00,allow,150.00,0.00,recover,30.00,EXP-TEL-01,CTA 2009 s54; ITEPA 2003 s319,,,,
c04-ridgeway,transactions:46,2025-08-19,Forklift (used),fixed_assets,18000.00,3600.00,capital,0.00,18000.00,recover,3600.00,EXP-CAP-01 VAT-REC-01,CTA 2009 s53; ITTOIA 2005 s33; CAA 2001 s11; VATA 1994 s24; VATA 1994 s25; VATA 1994 s26,,,,
c04-ridgeway,transactions:47,2025-08-26,Joinery contracts,sales,75000.00,15000.00,taxable,75000.00,0.00,n/a,0.00,INC-TRADE-01,CTA 2009 s35; ITTOIA 2005 s5,,,,
c04-ridgeway,transactions:48,2025-08-28,Bank charges,bank_charges,50.00,0.00,allow,50.00,0.00,none,0.00,EXP-ORD-01 VAT-NONE-01,CTA 2009 s54; ITTOIA 2005 s34; VATA 1994 s24,,,,
c04-ridgeway,transactions:49,2025-08-28,Director's salary,directors_salary,1047.50,0.00,allow,1047.50,0.00,none,0.00,EXP-ORD-01 VAT-NONE-01,CTA 2009 s54; ITTOIA 2005 s34; VATA 1994 s24,,,,
c04-ridgeway,transactions:50,2025-08-28,Staff wages,wages,10000.00,0.00,allow,10000.00,0.00,none,0.00,EXP-ORD-01 VAT-NONE-01,CTA 2009 s54; ITTOIA 2005 s34; VATA 1994 s24,,,,
c04-ridgeway,transactions:51,2025-09-01,Workshop rent,rent,4000.00,0.00,allow,4000.00,0.00,none,0.00,EXP-ORD-01 VAT-NONE-01,CTA 2009 s54; ITTOIA 2005 s34; VATA 1994 s24,,,,
c04-ridgeway,transactions:52,2025-09-05,Car lease - estate car,car_lease,495.00,90.00,partial,420.75,74.25,partial,45.00,EXP-CAR-01,CTA 2009 s56; CTA 2009 s57; ITTOIA 2005 s48; ITTOIA 2005 s49; SI 1992/3222 art 7(2E),ca.car_lease_co2_threshold@2025-26; ca.car_lease_disallow_pct@2025-26,,,£45.00 input tax not recoverable - added to the cost; 15% restriction
c04-ridgeway,transactions:53,2025-09-08,Workshop electrical installation,fixed_assets,10000.00,2000.00,capital,0.00,10000.00,recover,2000.00,EXP-CAP-01 VAT-REC-01,CTA 2009 s53; ITTOIA 2005 s33; CAA 2001 s11; VATA 1994 s24; VATA 1994 s25; VATA 1994 s26,,,,
c04-ridgeway,transactions:54,2025-09-10,Timber and hardware,cost_of_sales,22000.00,4400.00,allow,22000.00,0.00,recover,4400.00,EXP-ORD-01 VAT-REC-01,CTA 2009 s54; ITTOIA 2005 s34; VATA 1994 s24; VATA 1994 s25; VATA 1994 s26,,,,
c04-ridgeway,transactions:55,2025-09-15,Electricity and gas,light_heat,1500.00,300.00,allow,1500.00,0.00,recover,300.00,EXP-ORD-01 VAT-REC-01,CTA 2009 s54; ITTOIA 2005 s34; VATA 1994 s24; VATA 1994 s25; VATA 1994 s26,,,,
c04-ridgeway,transactions:56,2025-09-18,Telephone,telephone,150.00,30.00,allow,150.00,0.00,recover,30.00,EXP-TEL-01,CTA 2009 s54; ITEPA 2003 s319,,,,
c04-ridgeway,transactions:57,2025-09-22,Planning and building-contract legal fees - extension,legal_professional,5000.00,1000.00,disallow,0.00,5000.00,recover,1000.00,EXP-LEGAL-02,CTA 2009 s53; ITTOIA 2005 s33,,,,
c04-ridgeway,transactions:58,2025-09-26,Joinery contracts,sales,75000.00,15000.00,taxable,75000.00,0.00,n/a,0.00,INC-TRADE-01,CTA 2009 s35; ITTOIA 2005 s5,,,,
c04-ridgeway,transactions:59,2025-09-28,Bank charges,bank_charges,50.00,0.00,allow,50.00,0.00,none,0.00,EXP-ORD-01 VAT-NONE-01,CTA 2009 s54; ITTOIA 2005 s34; VATA 1994 s24,,,,
c04-ridgeway,transactions:60,2025-09-28,Director's salary,directors_salary,1047.50,0.00,allow,1047.50,0.00,none,0.00,EXP-ORD-01 VAT-NONE-01,CTA 2009 s54; ITTOIA 2005 s34; VATA 1994 s24,,,,
c04-ridgeway,transactions:61,2025-09-28,Staff wages,wages,10000.00,0.00,allow,10000.00,0.00,none,0.00,EXP-ORD-01 VAT-NONE-01,CTA 2009 s54; ITTOIA 2005 s34; VATA 1994 s24,,,,
c04-ridgeway,transactions:63,2025-09-30,Workshop extension,fixed_assets,200000.00,40000.00,capital,0.00,200000.00,recover,40000.00,EXP-CAP-01 VAT-REC-01,CTA 2009 s53; ITTOIA 2005 s33; CAA 2001 s11; VATA 1994 s24; VATA 1994 s25; VATA 1994 s26,,,,
c04-ridgeway,transactions:64,2025-10-01,Workshop rent,rent,4000.00,0.00,allow,4000.00,0.00,none,0.00,EXP-ORD-01 VAT-NONE-01,CTA 2009 s54; ITTOIA 2005 s34; VATA 1994 s24,,,,
c04-ridgeway,transactions:65,2025-10-05,Car lease - estate car,car_lease,495.00,90.00,partial,420.75,74.25,partial,45.00,EXP-CAR-01,CTA 2009 s56; CTA 2009 s57; ITTOIA 2005 s48; ITTOIA 2005 s49; SI 1992/3222 art 7(2E),ca.car_lease_co2_threshold@2025-26; ca.car_lease_disallow_pct@2025-26,,,£45.00 input tax not recoverable - added to the cost; 15% restriction
c04-ridgeway,transactions:66,2025-10-06,Trade show stand,advertising,3000.00,600.00,allow,3000.00,0.00,recover,600.00,EXP-ORD-01 VAT-REC-01,CTA 2009 s54; ITTOIA 2005 s34; VATA 1994 s24; VATA 1994 s25; VATA 1994 s26,,,,
c04-ridgeway,transactions:67,2025-10-10,Timber and hardware,cost_of_sales,22000.00,4400.00,allow,22000.00,0.00,recover,4400.00,EXP-ORD-01 VAT-REC-01,CTA 2009 s54; ITTOIA 2005 s34; VATA 1994 s24; VATA 1994 s25; VATA 1994 s26,,,,
c04-ridgeway,transactions:68,2025-10-15,Electricity and gas,light_heat,1500.00,300.00,allow,1500.00,0.00,recover,300.00,EXP-ORD-01 VAT-REC-01,CTA 2009 s54; ITTOIA 2005 s34; VATA 1994 s24; VATA 1994 s25; VATA 1994 s26,,,,
c04-ridgeway,transactions:69,2025-10-18,Telephone,telephone,150.00,30.00,allow,150.00,0.00,recover,30.00,EXP-TEL-01,CTA 2009 s54; ITEPA 2003 s319,,,,
c04-ridgeway,transactions:70,2025-10-26,Joinery contracts,sales,75000.00,15000.00,taxable,75000.00,0.00,n/a,0.00,INC-TRADE-01,CTA 2009 s35; ITTOIA 2005 s5,,,,
c04-ridgeway,transactions:71,2025-10-28,Bank charges,bank_charges,50.00,0.00,allow,50.00,0.00,none,0.00,EXP-ORD-01 VAT-NONE-01,CTA 2009 s54; ITTOIA 2005 s34; VATA 1994 s24,,,,
c04-ridgeway,transactions:72,2025-10-28,Director's salary,directors_salary,1047.50,0.00,allow,1047.50,0.00,none,0.00,EXP-ORD-01 VAT-NONE-01,CTA 2009 s54; ITTOIA 2005 s34; VATA 1994 s24,,,,
c04-ridgeway,transactions:73,2025-10-28,Staff wages,wages,10000.00,0.00,allow,10000.00,0.00,none,0.00,EXP-ORD-01 VAT-NONE-01,CTA 2009 s54; ITTOIA 2005 s34; VATA 1994 s24,,,,
c04-ridgeway,transactions:74,2025-11-01,Workshop rent,rent,4000.00,0.00,allow,4000.00,0.00,none,0.00,EXP-ORD-01 VAT-NONE-01,CTA 2009 s54; ITTOIA 2005 s34; VATA 1994 s24,,,,
c04-ridgeway,transactions:75,2025-11-03,Van fuel and servicing,motor_expenses,6000.00,1000.00,allow,6000.00,0.00,recover,1000.00,EXP-MOTOR-01 VAT-REC-01,CTA 2009 s54; ITTOIA 2005 s34; VATA 1994 s24; VATA 1994 s25; VATA 1994 s26,,,,
c04-ridgeway,transactions:76,2025-11-05,Car lease - estate car,car_lease,495.00,90.00,partial,420.75,74.25,partial,45.00,EXP-CAR-01,CTA 2009 s56; CTA 2009 s57; ITTOIA 2005 s48; ITTOIA 2005 s49; SI 1992/3222 art 7(2E),ca.car_lease_co2_threshold@2025-26; ca.car_lease_disallow_pct@2025-26,,,£45.00 input tax not recoverable - added to the cost; 15% restriction
c04-ridgeway,transactions:77,2025-11-10,Timber and hardware,cost_of_sales,22000.00,4400.00,allow,22000.00,0.00,recover,4400.00,EXP-ORD-01 VAT-REC-01,CTA 2009 s54; ITTOIA 2005 s34; VATA 1994 s24; VATA 1994 s25; VATA 1994 s26,,,,
c04-ridgeway,transactions:78,2025-11-15,Electricity and gas,light_heat,1500.00,300.00,allow,1500.00,0.00,recover,300.00,EXP-ORD-01 VAT-REC-01,CTA 2009 s54; ITTOIA 2005 s34; VATA 1994 s24; VATA 1994 s25; VATA 1994 s26,,,,
c04-ridgeway,transactions:79,2025-11-18,Telephone,telephone,150.00,30.00,allow,150.00,0.00,recover,30.00,EXP-TEL-01,CTA 2009 s54; ITEPA 2003 s319,,,,
c04-ridgeway,transactions:80,2025-11-26,Joinery contracts,sales,75000.00,15000.00,taxable,75000.00,0.00,n/a,0.00,INC-TRADE-01,CTA 2009 s35; ITTOIA 2005 s5,,,,
c04-ridgeway,transactions:81,2025-11-28,Bank charges,bank_charges,50.00,0.00,allow,50.00,0.00,none,0.00,EXP-ORD-01 VAT-NONE-01,CTA 2009 s54; ITTOIA 2005 s34; VATA 1994 s24,,,,
c04-ridgeway,transactions:82,2025-11-28,Director's salary,directors_salary,1047.50,0.00,allow,1047.50,0.00,none,0.00,EXP-ORD-01 VAT-NONE-01,CTA 2009 s54; ITTOIA 2005 s34; VATA 1994 s24,,,,
c04-ridgeway,transactions:83,2025-11-28,Staff wages,wages,10000.00,0.00,allow,10000.00,0.00,none,0.00,EXP-ORD-01 VAT-NONE-01,CTA 2009 s54; ITTOIA 2005 s34; VATA 1994 s24,,,,
c04-ridgeway,transactions:84,2025-12-01,Workshop rent,rent,4000.00,0.00,allow,4000.00,0.00,none,0.00,EXP-ORD-01 VAT-NONE-01,CTA 2009 s54; ITTOIA 2005 s34; VATA 1994 s24,,,,
c04-ridgeway,transactions:85,2025-12-05,Car lease - estate car,car_lease,495.00,90.00,partial,420.75,74.25,partial,45.00,EXP-CAR-01,CTA 2009 s56; CTA 2009 s57; ITTOIA 2005 s48; ITTOIA 2005 s49; SI 1992/3222 art 7(2E),ca.car_lease_co2_threshold@2025-26; ca.car_lease_disallow_pct@2025-26,,,£45.00 input tax not recoverable - added to the cost; 15% restriction
c04-ridgeway,transactions:86,2025-12-10,Timber and hardware,cost_of_sales,22000.00,4400.00,allow,22000.00,0.00,recover,4400.00,EXP-ORD-01 VAT-REC-01,CTA 2009 s54; ITTOIA 2005 s34; VATA 1994 s24; VATA 1994 s25; VATA 1994 s26,,,,
c04-ridgeway,transactions:87,2025-12-15,Electricity and gas,light_heat,1500.00,300.00,allow,1500.00,0.00,recover,300.00,EXP-ORD-01 VAT-REC-01,CTA 2009 s54; ITTOIA 2005 s34; VATA 1994 s24; VATA 1994 s25; VATA 1994 s26,,,,
c04-ridgeway,transactions:88,2025-12-18,Telephone,telephone,150.00,30.00,allow,150.00,0.00,recover,30.00,EXP-TEL-01,CTA 2009 s54; ITEPA 2003 s319,,,,
c04-ridgeway,transactions:89,2025-12-26,Joinery contracts,sales,75000.00,15000.00,taxable,75000.00,0.00,n/a,0.00,INC-TRADE-01,CTA 2009 s35; ITTOIA 2005 s5,,,,
c04-ridgeway,transactions:90,2025-12-28,Bank charges,bank_charges,50.00,0.00,allow,50.00,0.00,none,0.00,EXP-ORD-01 VAT-NONE-01,CTA 2009 s54; ITTOIA 2005 s34; VATA 1994 s24,,,,
c04-ridgeway,transactions:91,2025-12-28,Director's salary,directors_salary,1047.50,0.00,allow,1047.50,0.00,none,0.00,EXP-ORD-01 VAT-NONE-01,CTA 2009 s54; ITTOIA 2005 s34; VATA 1994 s24,,,,
c04-ridgeway,transactions:92,2025-12-28,Staff wages,wages,10000.00,0.00,allow,10000.00,0.00,none,0.00,EXP-ORD-01 VAT-NONE-01,CTA 2009 s54; ITTOIA 2005 s34; VATA 1994 s24,,,,
c04-ridgeway,transactions:93,2026-01-01,Workshop rent,rent,4000.00,0.00,allow,4000.00,0.00,none,0.00,EXP-ORD-01 VAT-NONE-01,CTA 2009 s54; ITTOIA 2005 s34; VATA 1994 s24,,,,
c04-ridgeway,transactions:94,2026-01-05,Car lease - estate car,car_lease,495.00,90.00,partial,420.75,74.25,partial,45.00,EXP-CAR-01,CTA 2009 s56; CTA 2009 s57; ITTOIA 2005 s48; ITTOIA 2005 s49; SI 1992/3222 art 7(2E),ca.car_lease_co2_threshold@2025-26; ca.car_lease_disallow_pct@2025-26,,,£45.00 input tax not recoverable - added to the cost; 15% restriction
c04-ridgeway,transactions:95,2026-01-09,Roof repairs - like for like,repairs,7000.00,1400.00,allow,7000.00,0.00,recover,1400.00,EXP-CAP-03 VAT-REC-01,CTA 2009 s54; ITTOIA 2005 s34; VATA 1994 s24; VATA 1994 s25; VATA 1994 s26,,,,
c04-ridgeway,transactions:96,2026-01-10,Timber and hardware,cost_of_sales,22000.00,4400.00,allow,22000.00,0.00,recover,4400.00,EXP-ORD-01 VAT-REC-01,CTA 2009 s54; ITTOIA 2005 s34; VATA 1994 s24; VATA 1994 s25; VATA 1994 s26,,,,
c04-ridgeway,transactions:97,2026-01-15,Electricity and gas,light_heat,1500.00,300.00,allow,1500.00,0.00,recover,300.00,EXP-ORD-01 VAT-REC-01,CTA 2009 s54; ITTOIA 2005 s34; VATA 1994 s24; VATA 1994 s25; VATA 1994 s26,,,,
c04-ridgeway,transactions:98,2026-01-18,Telephone,telephone,150.00,30.00,allow,150.00,0.00,recover,30.00,EXP-TEL-01,CTA 2009 s54; ITEPA 2003 s319,,,,
c04-ridgeway,transactions:99,2026-01-26,Joinery contracts,sales,75000.00,15000.00,taxable,75000.00,0.00,n/a,0.00,INC-TRADE-01,CTA 2009 s35; ITTOIA 2005 s5,,,,
c04-ridgeway,transactions:100,2026-01-28,Bank charges,bank_charges,50.00,0.00,allow,50.00,0.00,none,0.00,EXP-ORD-01 VAT-NONE-01,CTA 2009 s54; ITTOIA 2005 s34; VATA 1994 s24,,,,
c04-ridgeway,transactions:101,2026-01-28,Director's salary,directors_salary,1047.50,0.00,allow,1047.50,0.00,none,0.00,EXP-ORD-01 VAT-NONE-01,CTA 2009 s54; ITTOIA 2005 s34; VATA 1994 s24,,,,
c04-ridgeway,transactions:102,2026-01-28,Staff wages,wages,10000.00,0.00,allow,10000.00,0.00,none,0.00,EXP-ORD-01 VAT-NONE-01,CTA 2009 s54; ITTOIA 2005 s34; VATA 1994 s24,,,,
c04-ridgeway,transactions:103,2026-02-01,Workshop rent,rent,4000.00,0.00,allow,4000.00,0.00,none,0.00,EXP-ORD-01 VAT-NONE-01,CTA 2009 s54; ITTOIA 2005 s34; VATA 1994 s24,,,,
c04-ridgeway,transactions:104,2026-02-05,Car lease - estate car,car_lease,495.00,90.00,partial,420.75,74.25,partial,45.00,EXP-CAR-01,CTA 2009 s56; CTA 2009 s57; ITTOIA 2005 s48; ITTOIA 2005 s49; SI 1992/3222 art 7(2E),ca.car_lease_co2_threshold@2025-26; ca.car_lease_disallow_pct@2025-26,,,£45.00 input tax not recoverable - added to the cost; 15% restriction
c04-ridgeway,transactions:105,2026-02-10,Timber and hardware,cost_of_sales,22000.00,4400.00,allow,22000.00,0.00,recover,4400.00,EXP-ORD-01 VAT-REC-01,CTA 2009 s54; ITTOIA 2005 s34; VATA 1994 s24; VATA 1994 s25; VATA 1994 s26,,,,
c04-ridgeway,transactions:106,2026-02-15,Electricity and gas,light_heat,1500.00,300.00,allow,1500.00,0.00,recover,300.00,EXP-ORD-01 VAT-REC-01,CTA 2009 s54; ITTOIA 2005 s34; VATA 1994 s24; VATA 1994 s25; VATA 1994 s26,,,,
c04-ridgeway,transactions:107,2026-02-16,Prototype jig development materials,research_development,3500.00,700.00,allow,3500.00,0.00,recover,700.00,EXP-RD-01 VAT-REC-01,CTA 2009 s87; CTA 2009 s54; VATA 1994 s24; VATA 1994 s25; VATA 1994 s26,,,,
c04-ridgeway,transactions:108,2026-02-18,Telephone,telephone,150.00,30.00,allow,150.00,0.00,recover,30.00,EXP-TEL-01,CTA 2009 s54; ITEPA 2003 s319,,,,
c04-ridgeway,transactions:109,2026-02-26,Joinery contracts,sales,75000.00,15000.00,taxable,75000.00,0.00,n/a,0.00,INC-TRADE-01,CTA 2009 s35; ITTOIA 2005 s5,,,,
c04-ridgeway,transactions:110,2026-02-28,Bank charges,bank_charges,50.00,0.00,allow,50.00,0.00,none,0.00,EXP-ORD-01 VAT-NONE-01,CTA 2009 s54; ITTOIA 2005 s34; VATA 1994 s24,,,,
c04-ridgeway,transactions:111,2026-02-28,Director's salary,directors_salary,1047.50,0.00,allow,1047.50,0.00,none,0.00,EXP-ORD-01 VAT-NONE-01,CTA 2009 s54; ITTOIA 2005 s34; VATA 1994 s24,,,,
c04-ridgeway,transactions:112,2026-02-28,Staff wages,wages,10000.00,0.00,allow,10000.00,0.00,none,0.00,EXP-ORD-01 VAT-NONE-01,CTA 2009 s54; ITTOIA 2005 s34; VATA 1994 s24,,,,
c04-ridgeway,transactions:113,2026-03-01,Workshop rent,rent,4000.00,0.00,allow,4000.00,0.00,none,0.00,EXP-ORD-01 VAT-NONE-01,CTA 2009 s54; ITTOIA 2005 s34; VATA 1994 s24,,,,
c04-ridgeway,transactions:114,2026-03-05,Car lease - estate car,car_lease,495.00,90.00,partial,420.75,74.25,partial,45.00,EXP-CAR-01,CTA 2009 s56; CTA 2009 s57; ITTOIA 2005 s48; ITTOIA 2005 s49; SI 1992/3222 art 7(2E),ca.car_lease_co2_threshold@2025-26; ca.car_lease_disallow_pct@2025-26,,,£45.00 input tax not recoverable - added to the cost; 15% restriction
c04-ridgeway,transactions:115,2026-03-10,Timber and hardware,cost_of_sales,22000.00,4400.00,allow,22000.00,0.00,recover,4400.00,EXP-ORD-01 VAT-REC-01,CTA 2009 s54; ITTOIA 2005 s34; VATA 1994 s24; VATA 1994 s25; VATA 1994 s26,,,,
c04-ridgeway,transactions:116,2026-03-15,Electricity and gas,light_heat,1500.00,300.00,allow,1500.00,0.00,recover,300.00,EXP-ORD-01 VAT-REC-01,CTA 2009 s54; ITTOIA 2005 s34; VATA 1994 s24; VATA 1994 s25; VATA 1994 s26,,,,
c04-ridgeway,transactions:117,2026-03-18,Accounts and corporation tax,accountancy,4200.00,840.00,allow,4200.00,0.00,recover,840.00,EXP-ORD-01 VAT-REC-01,CTA 2009 s54; ITTOIA 2005 s34; VATA 1994 s24; VATA 1994 s25; VATA 1994 s26,,,,
c04-ridgeway,transactions:118,2026-03-18,Telephone,telephone,150.00,30.00,allow,150.00,0.00,recover,30.00,EXP-TEL-01,CTA 2009 s54; ITEPA 2003 s319,,,,
c04-ridgeway,transactions:119,2026-03-26,Joinery contracts,sales,75000.00,15000.00,taxable,75000.00,0.00,n/a,0.00,INC-TRADE-01,CTA 2009 s35; ITTOIA 2005 s5,,,,
c04-ridgeway,transactions:120,2026-03-28,Bank charges,bank_charges,50.00,0.00,allow,50.00,0.00,none,0.00,EXP-ORD-01 VAT-NONE-01,CTA 2009 s54; ITTOIA 2005 s34; VATA 1994 s24,,,,
c04-ridgeway,transactions:121,2026-03-28,Director's salary,directors_salary,1047.50,0.00,allow,1047.50,0.00,none,0.00,EXP-ORD-01 VAT-NONE-01,CTA 2009 s54; ITTOIA 2005 s34; VATA 1994 s24,,,,
c04-ridgeway,transactions:122,2026-03-28,Staff wages,wages,10000.00,0.00,allow,10000.00,0.00,none,0.00,EXP-ORD-01 VAT-NONE-01,CTA 2009 s54; ITTOIA 2005 s34; VATA 1994 s24,,,,
c04-ridgeway,transactions:123,2026-03-31,Depreciation,depreciation,45000.00,0.00,disallow,0.00,45000.00,none,0.00,EXP-DEP-01 VAT-NONE-01,CTA 2009 s53; ITTOIA 2005 s33; VATA 1994 s24,,,,
c04-ridgeway,transactions:125,2026-03-31,Employer's NIC net of Employment Allowance,employer_nic,6385.50,0.00,allow,6385.50,0.00,none,0.00,EXP-ORD-01 VAT-NONE-01,CTA 2009 s54; ITTOIA 2005 s34; VATA 1994 s24,,,,
c05-kestrel,transactions:2,2025-07-02,Professional indemnity insurance,insurance,500.00,0.00,allow,500.00,0.00,none,0.00,EXP-ORD-01 VAT-NONE-01,CTA 2009 s54; ITTOIA 2005 s34; VATA 1994 s24,,,,
c05-kestrel,transactions:3,2025-07-04,Developer tools,software,50.00,10.00,allow,50.00,0.00,recover,10.00,EXP-ORD-01 VAT-REC-01,CTA 2009 s54; ITTOIA 2005 s34; VATA 1994 s24; VATA 1994 s25; VATA 1994 s26,,,,
c05-kestrel,transactions:4,2025-07-10,Laptop (new),fixed_assets,1800.00,360.00,capital,0.00,1800.00,recover,360.00,EXP-CAP-01 VAT-REC-01,CTA 2009 s53; ITTOIA 2005 s33; CAA 2001 s11; VATA 1994 s24; VATA 1994 s25; VATA 1994 s26,,,,
c05-kestrel,transactions:5,2025-07-20,Rail fares to client site,travel,200.00,0.00,allow,200.00,0.00,none,0.00,EXP-TRAV-01,ITEPA 2003 s338; ITEPA 2003 s339; ITTOIA 2005 s34,,,,
c05-kestrel,transactions:6,2025-07-27,Contract day rates,sales,9000.00,1800.00,taxable,9000.00,0.00,n/a,0.00,INC-TRADE-01,CTA 2009 s35; ITTOIA 2005 s5,,,,
c05-kestrel,transactions:7,2025-07-28,Director's salary,directors_salary,1047.50,0.00,allow,1047.50,0.00,none,0.00,EXP-ORD-01 VAT-NONE-01,CTA 2009 s54; ITTOIA 2005 s34; VATA 1994 s24,,,,
c05-kestrel,transactions:8,2025-08-04,Developer tools,software,50.00,10.00,allow,50.00,0.00,recover,10.00,EXP-ORD-01 VAT-REC-01,CTA 2009 s54; ITTOIA 2005 s34; VATA 1994 s24; VATA 1994 s25; VATA 1994 s26,,,,
c05-kestrel,transactions:9,2025-08-20,Rail fares to client site,travel,200.00,0.00,allow,200.00,0.00,none,0.00,EXP-TRAV-01,ITEPA 2003 s338; ITEPA 2003 s339; ITTOIA 2005 s34,,,,
c05-kestrel,transactions:10,2025-08-27,Contract day rates,sales,9000.00,1800.00,taxable,9000.00,0.00,n/a,0.00,INC-TRADE-01,CTA 2009 s35; ITTOIA 2005 s5,,,,
c05-kestrel,transactions:11,2025-08-28,Director's salary,directors_salary,1047.50,0.00,allow,1047.50,0.00,none,0.00,EXP-ORD-01 VAT-NONE-01,CTA 2009 s54; ITTOIA 2005 s34; VATA 1994 s24,,,,
c05-kestrel,transactions:12,2025-09-04,Developer tools,software,50.00,10.00,allow,50.00,0.00,recover,10.00,EXP-ORD-01 VAT-REC-01,CTA 2009 s54; ITTOIA 2005 s34; VATA 1994 s24; VATA 1994 s25; VATA 1994 s26,,,,
c05-kestrel,transactions:13,2025-09-20,Rail fares to client site,travel,200.00,0.00,allow,200.00,0.00,none,0.00,EXP-TRAV-01,ITEPA 2003 s338; ITEPA 2003 s339; ITTOIA 2005 s34,,,,
c05-kestrel,transactions:14,2025-09-27,Contract day rates,sales,9000.00,1800.00,taxable,9000.00,0.00,n/a,0.00,INC-TRADE-01,CTA 2009 s35; ITTOIA 2005 s5,,,,
c05-kestrel,transactions:15,2025-09-28,Director's salary,directors_salary,1047.50,0.00,allow,1047.50,0.00,none,0.00,EXP-ORD-01 VAT-NONE-01,CTA 2009 s54; ITTOIA 2005 s34; VATA 1994 s24,,,,
c05-kestrel,transactions:16,2025-10-04,Developer tools,software,50.00,10.00,allow,50.00,0.00,recover,10.00,EXP-ORD-01 VAT-REC-01,CTA 2009 s54; ITTOIA 2005 s34; VATA 1994 s24; VATA 1994 s25; VATA 1994 s26,,,,
c05-kestrel,transactions:17,2025-10-20,Rail fares to client site,travel,200.00,0.00,allow,200.00,0.00,none,0.00,EXP-TRAV-01,ITEPA 2003 s338; ITEPA 2003 s339; ITTOIA 2005 s34,,,,
c05-kestrel,transactions:18,2025-10-27,Contract day rates,sales,9000.00,1800.00,taxable,9000.00,0.00,n/a,0.00,INC-TRADE-01,CTA 2009 s35; ITTOIA 2005 s5,,,,
c05-kestrel,transactions:19,2025-10-28,Director's salary,directors_salary,1047.50,0.00,allow,1047.50,0.00,none,0.00,EXP-ORD-01 VAT-NONE-01,CTA 2009 s54; ITTOIA 2005 s34; VATA 1994 s24,,,,
c05-kestrel,transactions:20,2025-11-04,Developer tools,software,50.00,10.00,allow,50.00,0.00,recover,10.00,EXP-ORD-01 VAT-REC-01,CTA 2009 s54; ITTOIA 2005 s34; VATA 1994 s24; VATA 1994 s25; VATA 1994 s26,,,,
c05-kestrel,transactions:21,2025-11-20,Rail fares to client site,travel,200.00,0.00,allow,200.00,0.00,none,0.00,EXP-TRAV-01,ITEPA 2003 s338; ITEPA 2003 s339; ITTOIA 2005 s34,,,,
c05-kestrel,transactions:22,2025-11-27,Contract day rates,sales,9000.00,1800.00,taxable,9000.00,0.00,n/a,0.00,INC-TRADE-01,CTA 2009 s35; ITTOIA 2005 s5,,,,
c05-kestrel,transactions:23,2025-11-28,Director's salary,directors_salary,1047.50,0.00,allow,1047.50,0.00,none,0.00,EXP-ORD-01 VAT-NONE-01,CTA 2009 s54; ITTOIA 2005 s34; VATA 1994 s24,,,,
c05-kestrel,transactions:24,2025-12-04,Developer tools,software,50.00,10.00,allow,50.00,0.00,recover,10.00,EXP-ORD-01 VAT-REC-01,CTA 2009 s54; ITTOIA 2005 s34; VATA 1994 s24; VATA 1994 s25; VATA 1994 s26,,,,
c05-kestrel,transactions:26,2025-12-20,Rail fares to client site,travel,200.00,0.00,allow,200.00,0.00,none,0.00,EXP-TRAV-01,ITEPA 2003 s338; ITEPA 2003 s339; ITTOIA 2005 s34,,,,
c05-kestrel,transactions:27,2025-12-27,Contract day rates,sales,9000.00,1800.00,taxable,9000.00,0.00,n/a,0.00,INC-TRADE-01,CTA 2009 s35; ITTOIA 2005 s5,,,,
c05-kestrel,transactions:28,2025-12-28,Director's salary,directors_salary,1047.50,0.00,allow,1047.50,0.00,none,0.00,EXP-ORD-01 VAT-NONE-01,CTA 2009 s54; ITTOIA 2005 s34; VATA 1994 s24,,,,
c05-kestrel,transactions:29,2026-01-04,Developer tools,software,50.00,10.00,allow,50.00,0.00,recover,10.00,EXP-ORD-01 VAT-REC-01,CTA 2009 s54; ITTOIA 2005 s34; VATA 1994 s24; VATA 1994 s25; VATA 1994 s26,,,,
c05-kestrel,transactions:30,2026-01-20,Rail fares to client site,travel,200.00,0.00,allow,200.00,0.00,none,0.00,EXP-TRAV-01,ITEPA 2003 s338; ITEPA 2003 s339; ITTOIA 2005 s34,,,,
c05-kestrel,transactions:31,2026-01-27,Contract day rates,sales,9000.00,1800.00,taxable,9000.00,0.00,n/a,0.00,INC-TRADE-01,CTA 2009 s35; ITTOIA 2005 s5,,,,
c05-kestrel,transactions:32,2026-01-28,Director's salary,directors_salary,1047.50,0.00,allow,1047.50,0.00,none,0.00,EXP-ORD-01 VAT-NONE-01,CTA 2009 s54; ITTOIA 2005 s34; VATA 1994 s24,,,,
c05-kestrel,transactions:33,2026-02-04,Developer tools,software,50.00,10.00,allow,50.00,0.00,recover,10.00,EXP-ORD-01 VAT-REC-01,CTA 2009 s54; ITTOIA 2005 s34; VATA 1994 s24; VATA 1994 s25; VATA 1994 s26,,,,
c05-kestrel,transactions:34,2026-02-20,Rail fares to client site,travel,200.00,0.00,allow,200.00,0.00,none,0.00,EXP-TRAV-01,ITEPA 2003 s338; ITEPA 2003 s339; ITTOIA 2005 s34,,,,
c05-kestrel,transactions:35,2026-02-27,Contract day rates,sales,9000.00,1800.00,taxable,9000.00,0.00,n/a,0.00,INC-TRADE-01,CTA 2009 s35; ITTOIA 2005 s5,,,,
c05-kestrel,transactions:36,2026-02-28,Director's salary,directors_salary,1047.50,0.00,allow,1047.50,0.00,none,0.00,EXP-ORD-01 VAT-NONE-01,CTA 2009 s54; ITTOIA 2005 s34; VATA 1994 s24,,,,
c05-kestrel,transactions:37,2026-03-04,Developer tools,software,50.00,10.00,allow,50.00,0.00,recover,10.00,EXP-ORD-01 VAT-REC-01,CTA 2009 s54; ITTOIA 2005 s34; VATA 1994 s24; VATA 1994 s25; VATA 1994 s26,,,,
c05-kestrel,transactions:38,2026-03-20,Rail fares to client site,travel,200.00,0.00,allow,200.00,0.00,none,0.00,EXP-TRAV-01,ITEPA 2003 s338; ITEPA 2003 s339; ITTOIA 2005 s34,,,,
c05-kestrel,transactions:39,2026-03-27,Contract day rates,sales,9000.00,1800.00,taxable,9000.00,0.00,n/a,0.00,INC-TRADE-01,CTA 2009 s35; ITTOIA 2005 s5,,,,
c05-kestrel,transactions:40,2026-03-28,Director's salary,directors_salary,1047.50,0.00,allow,1047.50,0.00,none,0.00,EXP-ORD-01 VAT-NONE-01,CTA 2009 s54; ITTOIA 2005 s34; VATA 1994 s24,,,,
c05-kestrel,transactions:41,2026-04-04,Developer tools,software,50.00,10.00,allow,50.00,0.00,recover,10.00,EXP-ORD-01 VAT-REC-01,CTA 2009 s54; ITTOIA 2005 s34; VATA 1994 s24; VATA 1994 s25; VATA 1994 s26,,,,
c05-kestrel,transactions:42,2026-04-20,Rail fares to client site,travel,200.00,0.00,allow,200.00,0.00,none,0.00,EXP-TRAV-01,ITEPA 2003 s338; ITEPA 2003 s339; ITTOIA 2005 s34,,,,
c05-kestrel,transactions:43,2026-04-27,Contract day rates,sales,9000.00,1800.00,taxable,9000.00,0.00,n/a,0.00,INC-TRADE-01,CTA 2009 s35; ITTOIA 2005 s5,,,,
c05-kestrel,transactions:44,2026-04-28,Director's salary,directors_salary,1047.50,0.00,allow,1047.50,0.00,none,0.00,EXP-ORD-01 VAT-NONE-01,CTA 2009 s54; ITTOIA 2005 s34; VATA 1994 s24,,,,
c05-kestrel,transactions:45,2026-05-04,Developer tools,software,50.00,10.00,allow,50.00,0.00,recover,10.00,EXP-ORD-01 VAT-REC-01,CTA 2009 s54; ITTOIA 2005 s34; VATA 1994 s24; VATA 1994 s25; VATA 1994 s26,,,,
c05-kestrel,transactions:46,2026-05-20,Rail fares to client site,travel,200.00,0.00,allow,200.00,0.00,none,0.00,EXP-TRAV-01,ITEPA 2003 s338; ITEPA 2003 s339; ITTOIA 2005 s34,,,,
c05-kestrel,transactions:47,2026-05-27,Contract day rates,sales,9000.00,1800.00,taxable,9000.00,0.00,n/a,0.00,INC-TRADE-01,CTA 2009 s35; ITTOIA 2005 s5,,,,
c05-kestrel,transactions:48,2026-05-28,Director's salary,directors_salary,1047.50,0.00,allow,1047.50,0.00,none,0.00,EXP-ORD-01 VAT-NONE-01,CTA 2009 s54; ITTOIA 2005 s34; VATA 1994 s24,,,,
c05-kestrel,transactions:49,2026-06-04,Developer tools,software,50.00,10.00,allow,50.00,0.00,recover,10.00,EXP-ORD-01 VAT-REC-01,CTA 2009 s54; ITTOIA 2005 s34; VATA 1994 s24; VATA 1994 s25; VATA 1994 s26,,,,
c05-kestrel,transactions:50,2026-06-15,Overtime days,sales,2000.00,400.00,taxable,2000.00,0.00,n/a,0.00,INC-TRADE-01,CTA 2009 s35; ITTOIA 2005 s5,,,,
c05-kestrel,transactions:51,2026-06-20,Accounts and CT600,accountancy,1500.00,300.00,allow,1500.00,0.00,recover,300.00,EXP-ORD-01 VAT-REC-01,CTA 2009 s54; ITTOIA 2005 s34; VATA 1994 s24; VATA 1994 s25; VATA 1994 s26,,,,
c05-kestrel,transactions:52,2026-06-20,Rail fares to client site,travel,200.00,0.00,allow,200.00,0.00,none,0.00,EXP-TRAV-01,ITEPA 2003 s338; ITEPA 2003 s339; ITTOIA 2005 s34,,,,
c05-kestrel,transactions:54,2026-06-27,Contract day rates,sales,9000.00,1800.00,taxable,9000.00,0.00,n/a,0.00,INC-TRADE-01,CTA 2009 s35; ITTOIA 2005 s5,,,,
c05-kestrel,transactions:55,2026-06-28,Director's salary,directors_salary,1047.50,0.00,allow,1047.50,0.00,none,0.00,EXP-ORD-01 VAT-NONE-01,CTA 2009 s54; ITTOIA 2005 s34; VATA 1994 s24,,,,
c05-kestrel,transactions:56,2026-06-30,Depreciation,depreciation,600.00,0.00,disallow,0.00,600.00,none,0.00,EXP-DEP-01 VAT-NONE-01,CTA 2009 s53; ITTOIA 2005 s33; VATA 1994 s24,,,,
c05-kestrel,transactions:57,2026-06-30,Employer's NIC 2025-26,employer_nic,1135.50,0.00,allow,1135.50,0.00,none,0.00,EXP-ORD-01 VAT-NONE-01,CTA 2009 s54; ITTOIA 2005 s34; VATA 1994 s24,,,,
c05-kestrel,transactions:58,2026-06-30,Use of home office - payment to director,use_of_home,1200.00,0.00,allow,1200.00,0.00,none,0.00,EXP-HOME-02 VAT-NONE-01,ITTOIA 2005 s34(2); CTA 2009 s54; ITEPA 2003 s316A; VATA 1994 s24,,c05-kestrel:EXP-HOME-02:transactions:58,yes,
c06-hargreaves,transactions:2,2025-04-09,Plumbing materials,cost_of_sales,3750.00,750.00,allow,3750.00,0.00,recover,750.00,EXP-ORD-01 VAT-REC-01,CTA 2009 s54; ITTOIA 2005 s34; VATA 1994 s24; VATA 1994 s25; VATA 1994 s26,,,,
c06-hargreaves,transactions:3,2025-04-14,Mobile phone,telephone,50.00,0.00,partial,37.50,12.50,partial,0.00,EXP-PRIV-01,ITTOIA 2005 s34(2),,,,25% private/non-business use disallowed
c06-hargreaves,transactions:4,2025-04-15,"Van fuel, insurance and servicing",motor_expenses,1000.00,0.00,partial,900.00,100.00,partial,0.00,EXP-PRIV-01,ITTOIA 2005 s34(2),,,,10% private/non-business use disallowed
c06-hargreaves,transactions:5,2025-04-22,Subcontract labour,subcontractors,1000.00,0.00,allow,1000.00,0.00,none,0.00,EXP-ORD-01 VAT-NONE-01,CTA 2009 s54; ITTOIA 2005 s34; VATA 1994 s24,,,,
c06-hargreaves,transactions:6,2025-04-26,Plumbing and heating jobs,sales,12500.00,2500.00,taxable,12500.00,0.00,n/a,0.00,INC-TRADE-01,CTA 2009 s35; ITTOIA 2005 s5,,,,
c06-hargreaves,transactions:8,2025-05-02,Public liability insurance,insurance,1800.00,0.00,allow,1800.00,0.00,none,0.00,EXP-ORD-01 VAT-NONE-01,CTA 2009 s54; ITTOIA 2005 s34; VATA 1994 s24,,,,
c06-hargreaves,transactions:9,2025-05-09,Plumbing materials,cost_of_sales,3750.00,750.00,allow,3750.00,0.00,recover,750.00,EXP-ORD-01 VAT-REC-01,CTA 2009 s54; ITTOIA 2005 s34; VATA 1994 s24; VATA 1994 s25; VATA 1994 s26,,,,
c06-hargreaves,transactions:10,2025-05-14,Mobile phone,telephone,50.00,0.00,partial,37.50,12.50,partial,0.00,EXP-PRIV-01,ITTOIA 2005 s34(2),,,,25% private/non-business use disallowed
c06-hargreaves,transactions:11,2025-05-22,Subcontract labour,subcontractors,1000.00,0.00,allow,1000.00,0.00,none,0.00,EXP-ORD-01 VAT-NONE-01,CTA 2009 s54; ITTOIA 2005 s34; VATA 1994 s24,,,,
c06-hargreaves,transactions:12,2025-05-26,Plumbing and heating jobs,sales,12500.00,2500.00,taxable,12500.00,0.00,n/a,0.00,INC-TRADE-01,CTA 2009 s35; ITTOIA 2005 s5,,,,
c06-hargreaves,transactions:14,2025-06-09,Plumbing materials,cost_of_sales,3750.00,750.00,allow,3750.00,0.00,recover,750.00,EXP-ORD-01 VAT-REC-01,CTA 2009 s54; ITTOIA 2005 s34; VATA 1994 s24; VATA 1994 s25; VATA 1994 s26,,,,
c06-hargreaves,transactions:15,2025-06-14,Mobile phone,telephone,50.00,0.00,partial,37.50,12.50,partial,0.00,EXP-PRIV-01,ITTOIA 2005 s34(2),,,,25% private/non-business use disallowed
c06-hargreaves,transactions:16,2025-06-18,Used van,fixed_assets,14000.00,2800.00,capital,0.00,14000.00,recover,2800.00,EXP-CAP-01 VAT-REC-01,CTA 2009 s53; ITTOIA 2005 s33; CAA 2001 s11; VATA 1994 s24; VATA 1994 s25; VATA 1994 s26,,,,
c06-hargreaves,transactions:17,2025-06-22,Subcontract labour,subcontractors,1000.00,0.00,allow,1000.00,0.00,none,0.00,EXP-ORD-01 VAT-NONE-01,CTA 2009 s54; ITTOIA 2005 s34; VATA 1994 s24,,,,
c06-hargreaves,transactions:18,2025-06-26,Plumbing and heating jobs,sales,12500.00,2500.00,taxable,12500.00,0.00,n/a,0.00,INC-TRADE-01,CTA 2009 s35; ITTOIA 2005 s5,,,,
c06-hargreaves,transactions:20,2025-07-09,Plumbing materials,cost_of_sales,3750.00,750.00,allow,3750.00,0.00,recover,750.00,EXP-ORD-01 VAT-REC-01,CTA 2009 s54; ITTOIA 2005 s34; VATA 1994 s24; VATA 1994 s25; VATA 1994 s26,,,,
c06-hargreaves,transactions:21,2025-07-14,Mobile phone,telephone,50.00,0.00,partial,37.50,12.50,partial,0.00,EXP-PRIV-01,ITTOIA 2005 s34(2),,,,25% private/non-business use disallowed
c06-hargreaves,transactions:22,2025-07-15,"Van fuel, insurance and servicing",motor_expenses,1000.00,0.00,partial,900.00,100.00,partial,0.00,EXP-PRIV-01,ITTOIA 2005 s34(2),,,,10% private/non-business use disallowed
c06-hargreaves,transactions:23,2025-07-22,Subcontract labour,subcontractors,1000.00,0.00,allow,1000.00,0.00,none,0.00,EXP-ORD-01 VAT-NONE-01,CTA 2009 s54; ITTOIA 2005 s34; VATA 1994 s24,,,,
c06-hargreaves,transactions:24,2025-07-26,Plumbing and heating jobs,sales,12500.00,2500.00,taxable,12500.00,0.00,n/a,0.00,INC-TRADE-01,CTA 2009 s35; ITTOIA 2005 s5,,,,
c06-hargreaves,transactions:26,2025-08-09,Plumbing materials,cost_of_sales,3750.00,750.00,allow,3750.00,0.00,recover,750.00,EXP-ORD-01 VAT-REC-01,CTA 2009 s54; ITTOIA 2005 s34; VATA 1994 s24; VATA 1994 s25; VATA 1994 s26,,,,
c06-hargreaves,transactions:27,2025-08-14,Mobile phone,telephone,50.00,0.00,partial,37.50,12.50,partial,0.00,EXP-PRIV-01,ITTOIA 2005 s34(2),,,,25% private/non-business use disallowed
c06-hargreaves,transactions:28,2025-08-21,Speeding fine,fines_penalties,100.00,0.00,disallow,0.00,100.00,none,0.00,EXP-FINE-01,CTA 2009 s54; ITTOIA 2005 s34,,,,
c06-hargreaves,transactions:29,2025-08-22,Subcontract labour,subcontractors,1000.00,0.00,allow,1000.00,0.00,none,0.00,EXP-ORD-01 VAT-NONE-01,CTA 2009 s54; ITTOIA 2005 s34; VATA 1994 s24,,,,
c06-hargreaves,transactions:30,2025-08-26,Plumbing and heating jobs,sales,12500.00,2500.00,taxable,12500.00,0.00,n/a,0.00,INC-TRADE-01,CTA 2009 s35; ITTOIA 2005 s5,,,,
c06-hargreaves,transactions:32,2025-09-05,Van livery and flyers,advertising,1000.00,200.00,allow,1000.00,0.00,recover,200.00,EXP-ORD-01 VAT-REC-01,CTA 2009 s54; ITTOIA 2005 s34; VATA 1994 s24; VATA 1994 s25; VATA 1994 s26,,,,
c06-hargreaves,transactions:33,2025-09-09,Plumbing materials,cost_of_sales,3750.00,750.00,allow,3750.00,0.00,recover,750.00,EXP-ORD-01 VAT-REC-01,CTA 2009 s54; ITTOIA 2005 s34; VATA 1994 s24; VATA 1994 s25; VATA 1994 s26,,,,
c06-hargreaves,transactions:34,2025-09-14,Mobile phone,telephone,50.00,0.00,partial,37.50,12.50,partial,0.00,EXP-PRIV-01,ITTOIA 2005 s34(2),,,,25% private/non-business use disallowed
c06-hargreaves,transactions:35,2025-09-22,Subcontract labour,subcontractors,1000.00,0.00,allow,1000.00,0.00,none,0.00,EXP-ORD-01 VAT-NONE-01,CTA 2009 s54; ITTOIA 2005 s34; VATA 1994 s24,,,,
c06-hargreaves,transactions:36,2025-09-26,Plumbing and heating jobs,sales,12500.00,2500.00,taxable,12500.00,0.00,n/a,0.00,INC-TRADE-01,CTA 2009 s35; ITTOIA 2005 s5,,,,
c06-hargreaves,transactions:38,2025-10-09,Plumbing materials,cost_of_sales,3750.00,750.00,allow,3750.00,0.00,recover,750.00,EXP-ORD-01 VAT-REC-01,CTA 2009 s54; ITTOIA 2005 s34; VATA 1994 s24; VATA 1994 s25; VATA 1994 s26,,,,
c06-hargreaves,transactions:39,2025-10-14,Mobile phone,telephone,50.00,0.00,partial,37.50,12.50,partial,0.00,EXP-PRIV-01,ITTOIA 2005 s34(2),,,,25% private/non-business use disallowed
c06-hargreaves,transactions:40,2025-10-15,"Van fuel, insurance and servicing",motor_expenses,1000.00,0.00,partial,900.00,100.00,partial,0.00,EXP-PRIV-01,ITTOIA 2005 s34(2),,,,10% private/non-business use disallowed
c06-hargreaves,transactions:41,2025-10-22,Subcontract labour,subcontractors,1000.00,0.00,allow,1000.00,0.00,none,0.00,EXP-ORD-01 VAT-NONE-01,CTA 2009 s54; ITTOIA 2005 s34; VATA 1994 s24,,,,
c06-hargreaves,transactions:42,2025-10-26,Plumbing and heating jobs,sales,12500.00,2500.00,taxable,12500.00,0.00,n/a,0.00,INC-TRADE-01,CTA 2009 s35; ITTOIA 2005 s5,,,,
c06-hargreaves,transactions:44,2025-11-09,Plumbing materials,cost_of_sales,3750.00,750.00,allow,3750.00,0.00,recover,750.00,EXP-ORD-01 VAT-REC-01,CTA 2009 s54; ITTOIA 2005 s34; VATA 1994 s24; VATA 1994 s25; VATA 1994 s26,,,,
c06-hargreaves,transactions:45,2025-11-14,Mobile phone,telephone,50.00,0.00,partial,37.50,12.50,partial,0.00,EXP-PRIV-01,ITTOIA 2005 s34(2),,,,25% private/non-business use disallowed
c06-hargreaves,transactions:46,2025-11-22,Subcontract labour,subcontractors,1000.00,0.00,allow,1000.00,0.00,none,0.00,EXP-ORD-01 VAT-NONE-01,CTA 2009 s54; ITTOIA 2005 s34; VATA 1994 s24,,,,
c06-hargreaves,transactions:47,2025-11-26,Plumbing and heating jobs,sales,12500.00,2500.00,taxable,12500.00,0.00,n/a,0.00,INC-TRADE-01,CTA 2009 s35; ITTOIA 2005 s5,,,,
c06-hargreaves,transactions:49,2025-12-05,Supplier Christmas drinks,entertainment,200.00,0.00,disallow,0.00,200.00,blocked,0.00,EXP-ENT-01 VAT-ENT-01,CTA 2009 s1298; ITTOIA 2005 s45; SI 1992/3222 art 5; VATA 1994 s25(7),,,,
c06-hargreaves,transactions:50,2025-12-09,Plumbing materials,cost_of_sales,3750.00,750.00,allow,3750.00,0.00,recover,750.00,EXP-ORD-01 VAT-REC-01,CTA 2009 s54; ITTOIA 2005 s34; VATA 1994 s24; VATA 1994 s25; VATA 1994 s26,,,,
c06-hargreaves,transactions:51,2025-12-14,Mobile phone,telephone,50.00,0.00,partial,37.50,12.50,partial,0.00,EXP-PRIV-01,ITTOIA 2005 s34(2),,,,25% private/non-business use disallowed
c06-hargreaves,transactions:52,2025-12-22,Subcontract labour,subcontractors,1000.00,0.00,allow,1000.00,0.00,none,0.00,EXP-ORD-01 VAT-NONE-01,CTA 2009 s54; ITTOIA 2005 s34; VATA 1994 s24,,,,
c06-hargreaves,transactions:53,2025-12-26,Plumbing and heating jobs,sales,12500.00,2500.00,taxable,12500.00,0.00,n/a,0.00,INC-TRADE-01,CTA 2009 s35; ITTOIA 2005 s5,,,,
c06-hargreaves,transactions:55,2026-01-09,Plumbing materials,cost_of_sales,3750.00,750.00,allow,3750.00,0.00,recover,750.00,EXP-ORD-01 VAT-REC-01,CTA 2009 s54; ITTOIA 2005 s34; VATA 1994 s24; VATA 1994 s25; VATA 1994 s26,,,,
c06-hargreaves,transactions:56,2026-01-14,Mobile phone,telephone,50.00,0.00,partial,37.50,12.50,partial,0.00,EXP-PRIV-01,ITTOIA 2005 s34(2),,,,25% private/non-business use disallowed
c06-hargreaves,transactions:57,2026-01-15,"Van fuel, insurance and servicing",motor_expenses,1000.00,0.00,partial,900.00,100.00,partial,0.00,EXP-PRIV-01,ITTOIA 2005 s34(2),,,,10% private/non-business use disallowed
c06-hargreaves,transactions:58,2026-01-22,Subcontract labour,subcontractors,1000.00,0.00,allow,1000.00,0.00,none,0.00,EXP-ORD-01 VAT-NONE-01,CTA 2009 s54; ITTOIA 2005 s34; VATA 1994 s24,,,,
c06-hargreaves,transactions:59,2026-01-26,Plumbing and heating jobs,sales,12500.00,2500.00,taxable,12500.00,0.00,n/a,0.00,INC-TRADE-01,CTA 2009 s35; ITTOIA 2005 s5,,,,
c06-hargreaves,transactions:61,2026-02-09,Plumbing materials,cost_of_sales,3750.00,750.00,allow,3750.00,0.00,recover,750.00,EXP-ORD-01 VAT-REC-01,CTA 2009 s54; ITTOIA 2005 s34; VATA 1994 s24; VATA 1994 s25; VATA 1994 s26,,,,
c06-hargreaves,transactions:62,2026-02-14,Mobile phone,telephone,50.00,0.00,partial,37.50,12.50,partial,0.00,EXP-PRIV-01,ITTOIA 2005 s34(2),,,,25% private/non-business use disallowed
c06-hargreaves,transactions:63,2026-02-22,Subcontract labour,subcontractors,1000.00,0.00,allow,1000.00,0.00,none,0.00,EXP-ORD-01 VAT-NONE-01,CTA 2009 s54; ITTOIA 2005 s34; VATA 1994 s24,,,,
c06-hargreaves,transactions:64,2026-02-26,Plumbing and heating jobs,sales,12500.00,2500.00,taxable,12500.00,0.00,n/a,0.00,INC-TRADE-01,CTA 2009 s35; ITTOIA 2005 s5,,,,
c06-hargreaves,transactions:66,2026-03-09,Plumbing materials,cost_of_sales,3750.00,750.00,allow,3750.00,0.00,recover,750.00,EXP-ORD-01 VAT-REC-01,CTA 2009 s54; ITTOIA 2005 s34; VATA 1994 s24; VATA 1994 s25; VATA 1994 s26,,,,
c06-hargreaves,transactions:67,2026-03-10,Accounts and tax return,accountancy,1200.00,240.00,allow,1200.00,0.00,recover,240.00,EXP-ORD-01 VAT-REC-01,CTA 2009 s54; ITTOIA 2005 s34; VATA 1994 s24; VATA 1994 s25; VATA 1994 s26,,,,
c06-hargreaves,transactions:68,2026-03-14,Mobile phone,telephone,50.00,0.00,partial,37.50,12.50,partial,0.00,EXP-PRIV-01,ITTOIA 2005 s34(2),,,,25% private/non-business use disallowed
c06-hargreaves,transactions:69,2026-03-22,Subcontract labour,subcontractors,1000.00,0.00,allow,1000.00,0.00,none,0.00,EXP-ORD-01 VAT-NONE-01,CTA 2009 s54; ITTOIA 2005 s34; VATA 1994 s24,,,,
c06-hargreaves,transactions:70,2026-03-26,Plumbing and heating jobs,sales,12500.00,2500.00,taxable,12500.00,0.00,n/a,0.00,INC-TRADE-01,CTA 2009 s35; ITTOIA 2005 s5,,,,
c06-hargreaves,transactions:72,2026-03-31,Depreciation - van,depreciation,2800.00,0.00,disallow,0.00,2800.00,none,0.00,EXP-DEP-01 VAT-NONE-01,CTA 2009 s53; ITTOIA 2005 s33; VATA 1994 s24,,,,
c06-hargreaves,transactions:73,2026-03-31,Use of home - simplified flat rate,use_of_home,120.00,0.00,allow,120.00,0.00,none,0.00,EXP-HOME-01,ITTOIA 2005 s94H,exp.home_flat_rates@2025-26,,,30 hours/month for 12 months at £10.00/month = £120.00
