rank,tier,customer_id,customer_name,grade,overdue,age_31_60,age_61_90,age_90_plus,oldest_days_overdue,disputed_amount,priority_score,action,risk_drivers
1,P1,C0028,Orchid Services,E,66316.35,6165.14,12723.79,39413.75,185,0.00,379341.94,"Escalate: stop supply, final demand, consider agency/legal referral",Pays on average 99 days late; Only 0% of invoice value paid on time; Deteriorating: paying 57 days later than prior period; 71% of balance is 60+ days overdue (53% is 90+); Over credit limit (671% utilised)
2,P1,C0027,Meridian Ltd,E,44197.58,6216.66,6298.14,31682.78,216,0.00,275823.25,"Escalate: stop supply, final demand, consider agency/legal referral",Pays on average 93 days late; Only 0% of invoice value paid on time; Deteriorating: paying 73 days later than prior period; 67% of balance is 60+ days overdue (56% is 90+); Over credit limit (630% utilised)
3,P1,C0029,Xenon Partners,E,51085.00,0.00,11888.89,22757.00,174,0.00,242413.55,"Escalate: stop supply, final demand, consider agency/legal referral",Pays on average 79 days late; Only 0% of invoice value paid on time; Deteriorating: paying 6 days later than prior period; 54% of balance is 60+ days overdue (35% is 90+); Over credit limit (430% utilised)
4,P1,C0035,Yardley Partners,E,34998.56,0.00,11691.07,23307.49,406,40611.23,230342.81,"Escalate: stop supply, final demand, consider agency/legal referral; resolve dispute (40,611)","Pays on average 48 days late; Only 2% of invoice value paid on time; Deteriorating: paying 73 days later than prior period; 86% of balance is 60+ days overdue (57% is 90+); 40,611 in dispute; Over credit limit (406% utilised)"
5,P1,C0036,Falcon Ltd,E,31254.77,6403.12,0.00,18838.05,387,25241.17,161108.72,"Escalate: stop supply, final demand, consider agency/legal referral; resolve dispute (25,241)","Pays on average 33 days late; Only 3% of invoice value paid on time; Deteriorating: paying 48 days later than prior period; 45% of balance is 60+ days overdue (45% is 90+); 25,241 in dispute; Over credit limit (246% utilised)"
6,P2,C0026,Cedar Partners,C,33216.02,9578.23,6512.96,0.00,65,0.00,66597.76,Senior call + formal demand letter; agree dated payment plan,Pays on average 11 days late; Only 75% of invoice value paid on time; Deteriorating: paying 35 days later than prior period; 14% of balance is 60+ days overdue; Over credit limit (168% utilised)
7,P2,C0018,Vantage Services,D,17389.80,0.00,0.00,0.00,28,0.00,26119.48,Senior call + formal demand letter; agree dated payment plan,Pays on average 28 days late; Only 0% of invoice value paid on time; Improving: paying 5 days sooner than prior period; Over credit limit (175% utilised)
8,P3,C0025,Willow Group,C,27822.36,18072.32,0.00,0.00,49,0.00,51233.34,Phone call to accounts payable; confirm payment date,Pays on average 14 days late; Only 74% of invoice value paid on time; Deteriorating: paying 42 days later than prior period; Over credit limit (175% utilised)
9,P3,C0024,Ironbark Ltd,C,29375.39,15290.06,0.00,0.00,44,0.00,50273.73,Phone call to accounts payable; confirm payment date,Pays on average 10 days late; Only 78% of invoice value paid on time; Deteriorating: paying 34 days later than prior period; Over credit limit (123% utilised)
10,P3,C0023,Pinnacle Group,C,28219.21,9818.61,0.00,0.00,52,0.00,44557.85,Phone call to accounts payable; confirm payment date,Grade capped at C: balance is 202% of credit limit; Pays on average 11 days late; Only 78% of invoice value paid on time; Deteriorating: paying 34 days later than prior period; Over credit limit (202% utilised)
11,P4,C0031,Beacon Holdings,B,30517.89,0.00,0.00,0.00,1,0.00,37292.86,Automated reminder / statement,Pays on average 5 days late; Only 53% of invoice value paid on time; Concentration: 18.1% of total receivables
12,P4,C0016,Northgate Group,C,16903.92,0.00,0.00,0.00,16,0.00,24561.40,Automated reminder / statement,Pays on average 22 days late; Only 0% of invoice value paid on time; Improving: paying 7 days sooner than prior period; Over credit limit (115% utilised)
13,P4,C0015,Cobalt Services,C,14974.41,0.00,0.00,0.00,23,0.00,21817.72,Automated reminder / statement,Pays on average 22 days late; Only 0% of invoice value paid on time; Over credit limit (323% utilised)
14,P4,C0017,Jade Trading,C,9259.66,0.00,0.00,0.00,19,0.00,13333.91,Automated reminder / statement,Pays on average 25 days late; Only 0% of invoice value paid on time; Over credit limit (113% utilised)
15,P4,C0020,Everest Ltd,C,8688.02,0.00,0.00,0.00,17,0.00,12849.58,Automated reminder / statement,Pays on average 27 days late; Only 0% of invoice value paid on time; Over credit limit (158% utilised)
16,P4,C0019,Harbor Ltd,C,6375.75,0.00,0.00,0.00,6,0.00,9244.84,Automated reminder / statement,Pays on average 27 days late; Only 0% of invoice value paid on time; Improving: paying 6 days sooner than prior period; Over credit limit (114% utilised)
17,P4,C0021,Tidewater Holdings,C,5405.85,0.00,0.00,0.00,15,0.00,7519.54,Automated reminder / statement,Pays on average 28 days late; Only 0% of invoice value paid on time
18,P4,C0022,Apex Trading,C,5039.37,0.00,0.00,0.00,4,0.00,7125.67,Automated reminder / statement,Pays on average 31 days late; Only 0% of invoice value paid on time
19,P4,C0032,Dune Services,B,3408.58,0.00,0.00,0.00,1,0.00,4219.82,Automated reminder / statement,Thin file: no payment history in lookback window; No credit limit on file
