customer_id,customer_name,industry,grade,grade_label,composite_score,payment_score,ageing_score,concentration_score,outstanding,overdue,age_current,age_1_30,age_31_60,age_61_90,age_90_plus,oldest_days_overdue,disputed_amount,share_of_portfolio_pct,avg_days_late,on_time_rate_pct,days_late_trend,settled_invoices,avg_monthly_sales,payment_terms_days,credit_limit,limit_utilisation_pct,recommended_limit,limit_change,limit_action,collection_tier,collection_rank,risk_drivers
C0010,Summit Partners,Education,A,Low risk,91.3,99.2,100.0,58.3,51432.51,0.00,51432.51,0.00,0.00,0.00,0.00,0,0.00,2.85,0.6,100.0,-0.1,37,22015.03,60,48000.00,107.2,72000.00,24000.00,Increase - currently over limit,,,Over credit limit (107% utilised)
C0003,Zephyr Partners,Hospitality,A,Low risk,95.5,99.1,100.0,79.8,43586.47,0.00,43586.47,0.00,0.00,0.00,0.00,0,0.00,2.42,0.5,100.0,0.5,31,17910.40,60,50000.00,87.2,67000.00,17000.00,Increase,,,
C0004,Delta Group,Retail,A,Low risk,97.5,98.2,100.0,91.4,42408.18,0.00,42408.18,0.00,0.00,0.00,0.00,0,0.00,2.35,1.2,100.0,0.4,31,19882.62,60,56000.00,75.7,75000.00,19000.00,Increase,,,Pays on average 1 days late
C0005,Ember Services,Construction,A,Low risk,96.1,99.1,100.0,82.7,37552.71,0.00,37552.71,0.00,0.00,0.00,0.00,0,0.00,2.08,0.6,100.0,0.3,35,23327.41,45,44000.00,85.3,66000.00,22000.00,Increase,,,
C0013,Granite Group,Hospitality,A,Low risk,98.4,99.3,100.0,93.6,34522.07,0.00,34522.07,0.00,0.00,0.00,0.00,0,0.00,1.91,0.5,100.0,0.0,37,22847.47,45,60000.00,57.5,69000.00,9000.00,Increase,,,
C0012,Quarry Group,Manufacturing,A,Low risk,98.3,98.8,100.0,94.2,31250.19,0.00,31250.19,0.00,0.00,0.00,0.00,0,0.00,1.73,0.8,100.0,0.3,36,24917.28,60,65000.00,48.1,93000.00,28000.00,Increase,,,
C0002,Juniper Services,Logistics,A,Low risk,98.4,98.6,100.0,94.9,27404.39,0.00,27404.39,0.00,0.00,0.00,0.00,0,0.00,1.52,0.5,100.0,1.4,37,21030.78,45,43000.00,63.7,63000.00,20000.00,Increase,,,
C0014,Horizon Group,Education,A,Low risk,98.7,99.2,100.0,95.3,25258.17,0.00,25258.17,0.00,0.00,0.00,0.00,0,0.00,1.40,0.4,100.0,0.4,41,22451.99,45,57000.00,44.3,67000.00,10000.00,Increase,,,
C0011,Birch Partners,Manufacturing,A,Low risk,98.8,99.1,100.0,96.0,21822.61,0.00,21822.61,0.00,0.00,0.00,0.00,0,0.00,1.21,0.6,100.0,0.2,38,19962.56,30,35000.00,62.4,45000.00,10000.00,Increase,,,
C0001,Umber Trading,Hospitality,A,Low risk,98.7,98.6,100.0,96.7,17678.77,0.00,17678.77,0.00,0.00,0.00,0.00,0,0.00,0.98,0.8,100.0,0.8,37,20390.81,60,43000.00,41.1,64000.00,21000.00,Increase,,,
C0008,Glacier Ltd,Construction,A,Low risk,99.3,99.3,100.0,98.0,10736.04,0.00,10736.04,0.00,0.00,0.00,0.00,0,0.00,0.59,0.4,100.0,0.2,38,22472.85,30,32000.00,33.6,48000.00,16000.00,Increase,,,
C0006,Atlas Trading,Construction,A,Low risk,99.2,99.1,100.0,98.0,10583.00,0.00,10583.00,0.00,0.00,0.00,0.00,0,0.00,0.59,0.6,100.0,0.0,35,20262.40,45,56000.00,18.9,56000.00,0.00,Maintain,,,
C0007,Redwood Services,Construction,A,Low risk,99.4,99.6,100.0,98.2,9675.14,0.00,9675.14,0.00,0.00,0.00,0.00,0,0.00,0.54,0.3,100.0,-0.2,33,18302.34,30,31000.00,31.2,41000.00,10000.00,Increase,,,
C0034,Keystone Holdings,Construction,A,Low risk,85.8,69.1,100.0,98.3,4486.51,0.00,4486.51,0.00,0.00,0.00,0.00,0,0.00,0.25,2.0,100.0,,1,5301.87,30,0.00,,12000.00,12000.00,Set limit,,,Pays on average 2 days late; Limited history (1 settled invoices); No credit limit on file
C0009,Lumen Services,Construction,A,Low risk,99.6,99.1,100.0,100.0,0.00,0.00,0.00,0.00,0.00,0.00,0.00,0,0.00,0.00,0.5,100.0,0.5,43,24820.90,30,38000.00,0.0,56000.00,18000.00,Increase,,,
C0030,Iris Ltd,Retail,B,Moderate risk,72.4,75.5,100.0,17.4,432569.02,0.00,432569.02,0.00,0.00,0.00,0.00,0,0.00,23.97,4.9,55.1,-0.6,85,189113.59,60,402000.00,107.6,402000.00,0.00,Maintain (concentration cap) - currently over limit,,,Pays on average 5 days late; Only 55% of invoice value paid on time; Concentration: 24.0% of total receivables; Over credit limit (108% utilised)
C0031,Beacon Holdings,Hospitality,B,Moderate risk,77.8,74.4,98.1,50.0,326858.42,30517.89,296340.53,30517.89,0.00,0.00,0.00,1,0.00,18.11,5.1,53.3,0.2,85,198434.64,60,513000.00,63.7,513000.00,0.00,Maintain (concentration cap),P4,11,Pays on average 5 days late; Only 53% of invoice value paid on time; Concentration: 18.1% of total receivables
C0032,Dune Services,Healthcare,B,Moderate risk,76.2,55.0,91.4,97.1,7952.14,3408.58,4543.56,3408.58,0.00,0.00,0.00,1,0.00,0.44,,,,0,7807.85,30,0.00,,15000.00,15000.00,Set limit,P4,19,Thin file: no payment history in lookback window; No credit limit on file
C0033,Fjord Partners,Education,B,Moderate risk,79.5,55.0,100.0,98.7,3579.09,0.00,3579.09,0.00,0.00,0.00,0.00,0,0.00,0.20,,,,0,2593.78,45,0.00,,6000.00,6000.00,Set limit,,,Thin file: no payment history in lookback window; No credit limit on file
C0023,Pinnacle Group,Healthcare,C,Elevated risk,65.5,62.0,84.8,39.6,56426.79,28219.21,28207.58,18400.60,9818.61,0.00,0.00,52,0.00,3.13,10.5,77.6,34.0,21,16179.21,30,28000.00,201.5,24000.00,-4000.00,Reduce - currently over limit,P3,10,Grade capped at C: balance is 202% of credit limit; Pays on average 11 days late; Only 78% of invoice value paid on time; Deteriorating: paying 34 days later than prior period; Over credit limit (202% utilised)
C0025,Willow Group,Retail,C,Elevated risk,61.0,56.5,78.4,40.6,50883.24,27822.36,23060.88,9750.04,18072.32,0.00,0.00,49,0.00,2.82,13.6,74.0,42.0,25,16183.71,30,29000.00,175.5,24000.00,-5000.00,Reduce - currently over limit,P3,8,Pays on average 14 days late; Only 74% of invoice value paid on time; Deteriorating: paying 42 days later than prior period; Over credit limit (175% utilised)
C0024,Ironbark Ltd,Education,C,Elevated risk,64.2,62.5,78.7,42.9,49222.79,29375.39,19847.40,14085.33,15290.06,0.00,0.00,44,0.00,2.73,10.4,78.4,33.9,24,14366.04,60,40000.00,123.1,40000.00,0.00,Maintain - currently over limit,P3,9,Pays on average 10 days late; Only 78% of invoice value paid on time; Deteriorating: paying 34 days later than prior period; Over credit limit (123% utilised)
C0026,Cedar Partners,Hospitality,C,Elevated risk,60.6,60.7,71.5,41.3,47087.14,33216.02,13871.12,17124.83,9578.23,6512.96,0.00,65,0.00,2.61,10.8,75.3,35.0,29,16978.81,45,28000.00,168.2,28000.00,0.00,Maintain - currently over limit,P2,6,Pays on average 11 days late; Only 75% of invoice value paid on time; Deteriorating: paying 35 days later than prior period; 14% of balance is 60+ days overdue; Over credit limit (168% utilised)
C0017,Jade Trading,Manufacturing,C,Elevated risk,56.0,26.2,93.9,56.4,30492.03,9259.66,21232.37,9259.66,0.00,0.00,0.00,19,0.00,1.69,25.0,0.0,0.9,26,10476.08,60,27000.00,112.9,27000.00,0.00,Maintain - currently over limit,P4,14,Pays on average 25 days late; Only 0% of invoice value paid on time; Over credit limit (113% utilised)
C0015,Cobalt Services,Healthcare,C,Elevated risk,54.3,31.1,89.7,44.6,29111.48,14974.41,14137.07,14974.41,0.00,0.00,0.00,23,0.00,1.61,21.6,0.0,-0.7,19,8382.26,30,9000.00,323.5,9000.00,0.00,Maintain - currently over limit,P4,13,Pays on average 22 days late; Only 0% of invoice value paid on time; Over credit limit (323% utilised)
C0020,Everest Ltd,Healthcare,C,Elevated risk,52.1,23.2,93.1,45.3,25236.88,8688.02,16548.86,8688.02,0.00,0.00,0.00,17,0.00,1.40,26.9,0.0,1.8,23,10110.82,30,16000.00,157.7,16000.00,0.00,Maintain - currently over limit,P4,15,Pays on average 27 days late; Only 0% of invoice value paid on time; Over credit limit (158% utilised)
C0016,Northgate Group,Construction,C,Elevated risk,54.7,30.1,86.0,55.2,24215.56,16903.92,7311.64,16903.92,0.00,0.00,0.00,16,0.00,1.34,22.4,0.0,-6.7,22,10539.36,45,21000.00,115.3,21000.00,0.00,Maintain - currently over limit,P4,12,Pays on average 22 days late; Only 0% of invoice value paid on time; Improving: paying 7 days sooner than prior period; Over credit limit (115% utilised)
C0019,Harbor Ltd,Manufacturing,C,Elevated risk,55.0,23.9,94.1,56.5,21747.64,6375.75,15371.89,6375.75,0.00,0.00,0.00,6,0.00,1.21,27.1,0.0,-6.0,20,10564.08,30,19000.00,114.5,16000.00,-3000.00,Reduce - currently over limit,P4,16,Pays on average 27 days late; Only 0% of invoice value paid on time; Improving: paying 6 days sooner than prior period; Over credit limit (114% utilised)
C0021,Tidewater Holdings,Construction,C,Elevated risk,60.9,22.9,93.1,90.1,15577.84,5405.85,10171.99,5405.85,0.00,0.00,0.00,15,0.00,0.86,27.9,0.0,-4.5,25,9229.37,60,19000.00,82.0,19000.00,0.00,Maintain,P4,17,Pays on average 28 days late; Only 0% of invoice value paid on time
C0022,Apex Trading,Retail,C,Elevated risk,58.6,18.6,87.2,98.5,7880.12,5039.37,2840.75,5039.37,0.00,0.00,0.00,4,0.00,0.44,31.0,0.0,-0.2,24,8647.71,30,18000.00,43.8,13000.00,-5000.00,Reduce,P4,18,Pays on average 31 days late; Only 0% of invoice value paid on time
C0018,Vantage Services,Construction,D,High risk,49.8,22.1,88.3,44.5,29692.93,17389.80,12303.13,17389.80,0.00,0.00,0.00,28,0.00,1.65,28.4,0.0,-5.4,27,12878.40,30,17000.00,174.7,12000.00,-5000.00,Reduce - currently over limit,P2,7,Pays on average 28 days late; Only 0% of invoice value paid on time; Improving: paying 5 days sooner than prior period; Over credit limit (175% utilised)
C0028,Orchid Services,Manufacturing,E,Severe risk,16.5,0.0,26.4,36.4,73777.11,66316.35,7460.76,8013.67,6165.14,12723.79,39413.75,185,0.00,4.09,98.7,0.0,56.6,9,8611.71,45,11000.00,670.7,0.00,-11000.00,Suspend credit (cash with order),P1,1,Pays on average 99 days late; Only 0% of invoice value paid on time; Deteriorating: paying 57 days later than prior period; 71% of balance is 60+ days overdue (53% is 90+); Over credit limit (671% utilised)
C0029,Xenon Partners,Hospitality,E,Severe risk,23.3,0.0,44.9,38.1,64544.50,51085.00,13459.50,16439.11,0.00,11888.89,22757.00,174,0.00,3.58,79.3,0.0,6.4,11,7577.80,60,15000.00,430.3,0.00,-15000.00,Suspend credit (cash with order),P1,3,Pays on average 79 days late; Only 0% of invoice value paid on time; Deteriorating: paying 6 days later than prior period; 54% of balance is 60+ days overdue (35% is 90+); Over credit limit (430% utilised)
C0027,Meridian Ltd,Retail,E,Severe risk,18.3,0.0,29.8,39.5,56725.24,44197.58,12527.66,0.00,6216.66,6298.14,31682.78,216,0.00,3.14,93.3,0.0,72.9,13,8737.99,30,9000.00,630.3,0.00,-9000.00,Suspend credit (cash with order),P1,2,Pays on average 93 days late; Only 0% of invoice value paid on time; Deteriorating: paying 73 days later than prior period; 67% of balance is 60+ days overdue (56% is 90+); Over credit limit (630% utilised)
C0036,Falcon Ltd,Education,E,Severe risk,22.9,2.2,38.4,42.3,41841.67,31254.77,10586.90,6013.60,6403.12,0.00,18838.05,387,25241.17,2.32,33.1,3.2,47.7,17,8223.03,60,17000.00,246.1,0.00,-17000.00,Suspend credit (cash with order),P1,5,"Pays on average 33 days late; Only 3% of invoice value paid on time; Deteriorating: paying 48 days later than prior period; 45% of balance is 60+ days overdue (45% is 90+); 25,241 in dispute; Over credit limit (246% utilised)"
C0035,Yardley Partners,Healthcare,E,Severe risk,11.9,0.0,9.6,42.5,40611.23,34998.56,5612.67,0.00,0.00,11691.07,23307.49,406,40611.23,2.25,48.0,2.4,73.4,17,7357.34,30,10000.00,406.1,0.00,-10000.00,Suspend credit (cash with order),P1,4,"Pays on average 48 days late; Only 2% of invoice value paid on time; Deteriorating: paying 73 days later than prior period; 86% of balance is 60+ days overdue (57% is 90+); 40,611 in dispute; Over credit limit (406% utilised)"
