month,composite_z,phase,coverage,provisional,DE_z,DE_phase,EA_z,EA_phase,WORLD_z,WORLD_phase
2021-12,0.7636,,1.0,0,0.4679,Expansion,0.7812,,1.1404,
2022-01,0.9119,,1.0,0,0.7723,Expansion,0.9253,,1.0848,
2022-02,0.5586,,1.0,0,0.7168,Expansion,0.3093,,0.597,
2022-03,0.0777,Slowdown,1.0,0,0.2055,Slowdown,0.1679,Slowdown,-0.1828,Contraction
2022-04,-0.1346,Contraction,1.0,0,-0.2604,Contraction,-0.07,Contraction,-0.0312,Contraction
2022-05,0.246,Slowdown,1.0,0,-0.3618,Contraction,0.7587,Expansion,0.5437,Slowdown
2022-06,0.0843,Expansion,1.0,0,-0.4333,Contraction,0.4031,Expansion,0.4558,Expansion
2022-07,0.1634,Expansion,1.0,0,-0.8688,Contraction,0.6563,Expansion,1.0468,Expansion
2022-08,0.3151,Expansion,1.0,0,-0.3129,Recovery,0.3896,Slowdown,1.0781,Expansion
2022-09,0.1972,Expansion,1.0,0,-0.5236,Contraction,0.2331,Slowdown,1.1224,Expansion
2022-10,0.3892,Expansion,1.0,0,-0.2505,Recovery,0.2462,Slowdown,1.3851,Expansion
2022-11,-0.2883,Contraction,1.0,0,-0.3702,Contraction,-0.6144,Contraction,0.147,Slowdown
2022-12,-0.2299,Contraction,1.0,0,-0.5005,Recovery,-0.1763,Contraction,0.0774,Slowdown
2023-01,-0.533,Contraction,1.0,0,-0.4397,Contraction,-0.9134,Contraction,-0.2771,Contraction
2023-02,-0.1271,Recovery,1.0,0,-0.5191,Contraction,-0.067,Recovery,0.3354,Expansion
2023-03,-0.3108,Contraction,1.0,0,-0.7115,Contraction,-0.734,Contraction,0.6466,Expansion
2023-04,-0.1087,Recovery,1.0,0,-0.4201,Recovery,-0.1556,Recovery,0.3536,Expansion
2023-05,-0.2798,Contraction,1.0,0,-0.5729,Contraction,-0.5115,Contraction,0.3427,Expansion
2023-06,-0.1294,Recovery,1.0,0,-0.3873,Recovery,-0.2754,Recovery,0.3604,Slowdown
2023-07,-0.28,Contraction,1.0,0,-0.1511,Recovery,-0.9119,Contraction,0.1802,Slowdown
2023-08,-0.6285,Contraction,1.0,0,-0.5556,Recovery,-0.8123,Contraction,-0.542,Contraction
2023-09,-0.0857,Recovery,1.0,0,-0.3447,Recovery,-0.3288,Contraction,0.5028,Expansion
2023-10,-0.5357,Contraction,1.0,0,-0.609,Contraction,-0.5814,Recovery,-0.3923,Contraction
2023-11,-0.6093,Recovery,1.0,0,-0.4718,Recovery,-0.7682,Recovery,-0.6337,Contraction
2023-12,-0.6753,Contraction,1.0,0,-0.3981,Contraction,-0.9555,Contraction,-0.7648,Contraction
2024-01,-0.2273,Recovery,1.0,0,-0.389,Recovery,-0.1163,Recovery,-0.1227,Recovery
2024-02,-0.4516,Recovery,1.0,0,-0.0233,Recovery,-0.4435,Recovery,-1.0306,Contraction
2024-03,0.0242,Expansion,1.0,0,0.1811,Expansion,0.1892,Expansion,-0.3498,Recovery
2024-04,0.3575,Expansion,1.0,0,0.3697,Expansion,0.5115,Expansion,0.1873,Expansion
2024-05,0.0988,Expansion,1.0,0,0.2359,Expansion,0.0984,Expansion,-0.0835,Recovery
2024-06,-0.0749,Contraction,1.0,0,0.2321,Expansion,-0.0957,Contraction,-0.4634,Contraction
2024-07,0.0488,Slowdown,1.0,0,0.0027,Slowdown,0.7329,Expansion,-0.5738,Contraction
2024-08,-0.434,Contraction,1.0,0,-0.127,Contraction,0.1185,Expansion,-1.3957,Contraction
2024-09,-0.5586,Contraction,1.0,0,0.0069,Slowdown,-0.3007,Contraction,-1.5705,Contraction
2024-10,0.0245,Slowdown,1.0,0,0.3274,Expansion,0.4353,Slowdown,-0.79,Contraction
2024-11,0.2182,Expansion,1.0,0,0.4652,Expansion,0.7627,Expansion,-0.6557,Recovery
2024-12,-0.244,Recovery,1.0,0,-0.2929,Contraction,-0.0978,Recovery,-0.3247,Recovery
2025-01,-0.4168,Contraction,1.0,0,0.095,Slowdown,-0.3114,Contraction,-1.2046,Contraction
2025-02,-0.0414,Contraction,1.0,0,-0.2083,Contraction,0.943,Expansion,-0.8034,Contraction
2025-03,-0.1386,Recovery,1.0,0,0.4497,Expansion,0.299,Expansion,-1.3606,Contraction
2025-04,-0.6115,Contraction,1.0,0,0.0266,Slowdown,-0.5479,Contraction,-1.5259,Contraction
2025-05,-0.4564,Contraction,1.0,0,0.3654,Expansion,-0.5009,Contraction,-1.5077,Contraction
2025-06,-0.4681,Contraction,1.0,0,-0.0604,Contraction,-0.455,Contraction,-1.0248,Recovery
2025-07,-0.5252,Recovery,1.0,0,0.1726,Expansion,-0.7102,Contraction,-1.2705,Recovery
2025-08,0.0362,Expansion,1.0,0,0.2425,Slowdown,-0.5033,Contraction,0.3004,Expansion
2025-09,-0.1865,Recovery,1.0,0,-0.2453,Contraction,0.0688,Expansion,-0.3634,Recovery
2025-10,-0.9536,Contraction,1.0,0,-0.388,Contraction,-1.1652,Contraction,-1.4962,Contraction
2025-11,-0.3659,Contraction,1.0,0,-0.3662,Contraction,0.0174,Expansion,-0.7489,Contraction
2025-12,-0.1467,Recovery,1.0,0,0.2131,Expansion,0.6382,Expansion,-1.4114,Contraction
2026-01,-1.1351,Contraction,1.0,0,-0.4908,Contraction,-1.706,Contraction,-1.4234,Recovery
2026-02,-0.6356,Contraction,1.0,0,0.104,Expansion,-1.2386,Contraction,-1.0187,Contraction
2026-03,-0.5096,Contraction,1.0,0,0.4429,Expansion,-0.3875,Contraction,-1.9016,Contraction
2026-04,-0.2655,Recovery,1.0,0,1.142,Expansion,-0.4885,Recovery,-1.9191,Contraction
2026-05,0.2666,Expansion,1.0,0,1.2663,Expansion,0.3737,Expansion,-1.1735,Contraction
2026-06,-0.063,Recovery,1.0,0,1.0626,Expansion,-0.2196,Recovery,-1.407,Recovery
2026-07,-0.2176,Recovery,1.0,0,0.557,Slowdown,-0.2982,Recovery,-1.1698,Recovery
2026-08,-0.5533,Contraction,1.0,0,0.5014,Slowdown,-0.1792,Contraction,-2.3337,Contraction
2026-09,-0.1102,Contraction,1.0,1,1.0686,Expansion,0.094,Expansion,-1.8864,Contraction
