scope,month,kind,status,value,detected
GLOBAL,2022-04,cross_down,event,-0.166,2022-04
GLOBAL,2022-05,cross_up,event,0.149,2022-05
GLOBAL,2022-06,cross_down,event,-0.02,2022-06
GLOBAL,2022-08,cross_up,event,0.126,2022-08
GLOBAL,2022-11,cross_down,event,-0.381,2022-11
GLOBAL,2024-03,cross_up,event,0.088,2024-03
GLOBAL,2024-04,peak,confirmed,0.352,2024-09
GLOBAL,2024-08,cross_down,event,-0.234,2024-08
GLOBAL,2024-10,cross_up,event,0.119,2024-10
GLOBAL,2024-12,cross_down,event,-0.27,2024-12
GLOBAL,2026-01,trough,confirmed,-0.969,2026-06
GLOBAL,2026-05,cross_up,event,0.472,2026-05
GLOBAL,2026-07,cross_down,event,-0.046,2026-07
GLOBAL,2026-09,cross_up,event,0.154,2026-09
DE,2011-05,cross_down,event,-0.553,2011-05
DE,2011-08,cross_up,event,0.444,2011-08
DE,2012-03,cross_down,event,-0.444,2012-03
DE,2012-07,cross_up,event,0.215,2012-07
DE,2012-08,cross_down,event,-0.131,2012-08
DE,2012-09,cross_up,event,0.039,2012-09
DE,2012-11,cross_down,event,-0.0,2012-11
DE,2012-12,trough,confirmed,-0.491,2013-05
DE,2013-03,cross_up,event,0.484,2013-03
DE,2013-05,peak,confirmed,0.776,2013-10
DE,2013-12,cross_down,event,-0.303,2013-12
DE,2014-03,cross_up,event,0.841,2014-03
DE,2014-07,cross_down,event,-0.483,2014-07
DE,2014-08,cross_up,event,0.28,2014-08
DE,2014-09,cross_down,event,-0.475,2014-09
DE,2014-11,trough,confirmed,-0.87,2015-04
DE,2015-03,cross_up,event,0.707,2015-03
DE,2015-05,peak,confirmed,1.115,2015-10
DE,2016-06,cross_down,event,-0.22,2016-06
DE,2016-09,cross_up,event,0.204,2016-09
DE,2017-03,cross_down,event,-0.238,2017-03
DE,2017-05,trough,confirmed,-0.966,2017-10
DE,2017-06,cross_up,event,0.396,2017-06
DE,2017-09,cross_down,event,-0.151,2017-09
DE,2017-10,cross_up,event,0.405,2017-10
DE,2018-02,cross_down,event,-0.248,2018-02
DE,2018-11,cross_up,event,0.73,2018-11
DE,2018-11,peak,confirmed,0.73,2019-04
DE,2019-01,cross_down,event,-0.939,2019-01
DE,2019-04,cross_up,event,0.357,2019-04
DE,2019-05,cross_down,event,-0.639,2019-05
DE,2019-07,trough,confirmed,-2.051,2019-12
DE,2020-03,cross_up,event,0.731,2020-03
DE,2020-04,cross_down,event,-2.844,2020-04
DE,2020-07,cross_up,event,0.078,2020-07
DE,2020-09,peak,confirmed,4.0,2021-02
DE,2021-02,cross_down,event,-0.247,2021-02
DE,2021-04,cross_up,event,0.34,2021-04
DE,2021-07,cross_down,event,-0.265,2021-07
DE,2021-12,cross_up,event,0.468,2021-12
DE,2022-04,cross_down,event,-0.26,2022-04
DE,2023-10,trough,confirmed,-0.609,2024-03
DE,2024-03,cross_up,event,0.181,2024-03
DE,2024-08,cross_down,event,-0.127,2024-08
DE,2024-09,cross_up,event,0.007,2024-09
DE,2024-12,cross_down,event,-0.293,2024-12
DE,2025-01,cross_up,event,0.095,2025-01
DE,2025-02,cross_down,event,-0.208,2025-02
DE,2025-03,cross_up,event,0.45,2025-03
DE,2025-06,cross_down,event,-0.06,2025-06
DE,2025-07,cross_up,event,0.173,2025-07
DE,2025-09,cross_down,event,-0.245,2025-09
DE,2025-12,cross_up,event,0.213,2025-12
DE,2026-01,cross_down,event,-0.491,2026-01
DE,2026-02,cross_up,event,0.104,2026-02
EA,2022-04,cross_down,event,-0.07,2022-04
EA,2022-05,cross_up,event,0.759,2022-05
EA,2022-11,cross_down,event,-0.614,2022-11
EA,2023-12,trough,confirmed,-0.956,2024-05
EA,2024-03,cross_up,event,0.189,2024-03
EA,2024-06,cross_down,event,-0.096,2024-06
EA,2024-07,cross_up,event,0.733,2024-07
EA,2024-09,cross_down,event,-0.301,2024-09
EA,2024-10,cross_up,event,0.435,2024-10
EA,2024-12,cross_down,event,-0.098,2024-12
EA,2025-02,cross_up,event,0.943,2025-02
EA,2025-02,peak,confirmed,0.943,2025-07
EA,2025-04,cross_down,event,-0.548,2025-04
EA,2025-09,cross_up,event,0.069,2025-09
EA,2025-10,cross_down,event,-1.165,2025-10
EA,2025-11,cross_up,event,0.017,2025-11
EA,2026-01,cross_down,event,-1.706,2026-01
EA,2026-01,trough,confirmed,-1.706,2026-06
EA,2026-05,cross_up,event,0.374,2026-05
EA,2026-06,cross_down,event,-0.22,2026-06
EA,2026-09,cross_up,event,0.094,2026-09
WORLD,2022-03,cross_down,event,-0.147,2022-03
WORLD,2022-05,cross_up,event,0.219,2022-05
WORLD,2022-11,cross_down,event,-0.164,2022-11
WORLD,2023-03,cross_up,event,0.2,2023-03
WORLD,2023-05,cross_down,event,-0.011,2023-05
WORLD,2023-06,cross_up,event,0.004,2023-06
WORLD,2023-07,cross_down,event,-0.109,2023-07
WORLD,2023-09,cross_up,event,0.17,2023-09
WORLD,2023-10,cross_down,event,-0.411,2023-10
WORLD,2024-04,cross_up,event,0.17,2024-04
WORLD,2024-04,peak,confirmed,0.17,2024-09
WORLD,2024-06,cross_down,event,-0.136,2024-06
WORLD,2025-08,cross_up,event,0.038,2025-08
WORLD,2025-09,cross_down,event,-0.401,2025-09
